{
    "685601583879598084": {
        "pred": 0, 
        "caption": "do you suffer from this  related problem ? :)", 
        "label": 1
    }, 
    "730451262777524224": {
        "pred": 0, 
        "caption": "yup .  # blackandwhite # lonely # depressed # sad # alone by life_of_the_unknown 1", 
        "label": 1
    }, 
    "819687123125235713": {
        "pred": 1, 
        "caption": "this the guy that didn 't come when his friends said \" be there or be square \"", 
        "label": 0
    }, 
    "945778202315763712": {
        "pred": 0, 
        "caption": "i missed this ", 
        "label": 1
    }, 
    "937441794303938562": {
        "pred": 0, 
        "caption": "\" why am i crying in the club rn ? \" ", 
        "label": 1
    }, 
    "818239390099116033": {
        "pred": 1, 
        "caption": "these two # donkeys just made my day # cuteness # cutenosealert", 
        "label": 0
    }, 
    "819327594612985856": {
        "pred": 1, 
        "caption": "why does this have me dying ? !", 
        "label": 0
    }, 
    "819692521697800192": {
        "pred": 1, 
        "caption": "get the f * * * out then .", 
        "label": 0
    }, 
    "819687626798145536": {
        "pred": 1, 
        "caption": "this the guy that didn 't come when his friends said \" be there or be square \"", 
        "label": 0
    }, 
    "819686546676838400": {
        "pred": 1, 
        "caption": ". <user> , to cnn last night : no , the president-elect wasn 't briefed on russia allegations <user> , tonight : well actually", 
        "label": 0
    }, 
    "722111068311535616": {
        "pred": 0, 
        "caption": "# irs is as \" fair & balanced \" as <user>  # taxday # rednationrising # tcot # ccot # pjnet emoji_184", 
        "label": 1
    }, 
    "823315508531523585": {
        "pred": 1, 
        "caption": "the quality of journalism is getting worse and worse ... shocking from the mirror , publishing fake articles to get more clicks", 
        "label": 0
    }, 
    "819331557777403904": {
        "pred": 1, 
        "caption": "ya girl is about to be fine af one last time for nitekap then i 'm going back into hiding ....", 
        "label": 0
    }, 
    "875103880387805184": {
        "pred": 0, 
        "caption": "i dont know the meaning of procrastination .  i really should start my cosplays . # residentevil # dinocrisis # oglove # saveme", 
        "label": 1
    }, 
    "835958380879556608": {
        "pred": 0, 
        "caption": "who radicalized senator tom cotton ? see the beard ! ! ", 
        "label": 1
    }, 
    "717042051074891776": {
        "pred": 0, 
        "caption": "<user> supporting donald trump aka his role model ", 
        "label": 1
    }, 
    "842768786281418756": {
        "pred": 0, 
        "caption": "# isro makes history , given side step . # vksasikala in jail gets # salute  # star theghantas # deservesaghanta \u2026", 
        "label": 1
    }, 
    "882647719776587776": {
        "pred": 0, 
        "caption": "our ad michael definitely didn 't know i was taking this photo in our # edfringe work session in the pub earlier today ... ", 
        "label": 1
    }, 
    "823313026799509505": {
        "pred": 1, 
        "caption": "the worst thing that could ever happen to america .... emoji_170 emoji_70", 
        "label": 0
    }, 
    "755115255114629124": {
        "pred": 0, 
        "caption": "it looks like the # bodypositive types have found a home with # isis . ", 
        "label": 1
    }, 
    "712979546828619776": {
        "pred": 0, 
        "caption": "thank you mother nature . hoping we don 't lose any tree branches . ", 
        "label": 1
    }, 
    "852152823638880256": {
        "pred": 0, 
        "caption": "you don 't say ... ", 
        "label": 1
    }, 
    "820411373914038272": {
        "pred": 1, 
        "caption": "to the # saltiestbae i know <user>", 
        "label": 0
    }, 
    "819327505249292292": {
        "pred": 1, 
        "caption": "post your best # saltlife shots and we may use your images for our quote graphics ! tag <user> too ! # livesalty", 
        "label": 0
    }, 
    "818245174958714880": {
        "pred": 1, 
        "caption": "what a waste of a lovely night \u266a", 
        "label": 0
    }, 
    "822584561787957249": {
        "pred": 1, 
        "caption": "read the full # quote . - - \" the best way to not feel hopeless is to get up and do something \" ~ barack obama # leadership # politics # quotes", 
        "label": 0
    }, 
    "818242205521481729": {
        "pred": 1, 
        "caption": "amazing . everything about this is amazing .", 
        "label": 0
    }, 
    "821504592135553024": {
        "pred": 1, 
        "caption": "can he do anything wrong ! ?", 
        "label": 0
    }, 
    "734072671940530176": {
        "pred": 0, 
        "caption": "winter clearance at the pet store = new duds for elphie . # fashionista # sheclearlylovesthis ", 
        "label": 1
    }, 
    "821504641859014661": {
        "pred": 1, 
        "caption": "exactly", 
        "label": 0
    }, 
    "821997332346437632": {
        "pred": 0, 
        "caption": "damn ! we lurveee our new logo . wait , not ours , sarawak fa 's . ", 
        "label": 1
    }, 
    "891904969950937088": {
        "pred": 0, 
        "caption": "when people ask me - i answer ....... # actor # act # acting # actorslife  # secondlanguage # canthelpit # funny # loveit # losangeles emoji_517", 
        "label": 1
    }, 
    "820052661680668676": {
        "pred": 1, 
        "caption": "he 's taking this so seriously toolike he actually did something emoji_158 emoji_19", 
        "label": 0
    }, 
    "819695185554771968": {
        "pred": 1, 
        "caption": "yes i 'm aware that it 's blank mr . sampselle", 
        "label": 0
    }, 
    "833942362183315456": {
        "pred": 0, 
        "caption": "# isro makes history , given side step . # vksasikala in jail gets # salute  # star theghantas # deservesaghanta \u2026", 
        "label": 1
    }, 
    "822588137503387649": {
        "pred": 1, 
        "caption": "# obama's inauguration on the left in 2009 vs # trump's inauguration on the right ... compare the crowd , a huge difference ! # inauguration emoji_1345", 
        "label": 0
    }, 
    "820054754160164865": {
        "pred": 1, 
        "caption": "just read an excellent biography of yer man john mcternan", 
        "label": 0
    }, 
    "685908290010742784": {
        "pred": 0, 
        "caption": "if only old trafford had some sort of studio facility to keep pundits dry ! ", 
        "label": 1
    }, 
    "881714256512778240": {
        "pred": 0, 
        "caption": "it 's always a pleasure to drive by cowboys stadium ", 
        "label": 1
    }, 
    "822592749870399492": {
        "pred": 1, 
        "caption": "where the magic happens at # halocw . <user> # ugc50k", 
        "label": 0
    }, 
    "820054162180362241": {
        "pred": 1, 
        "caption": "i dunno about that lip filler stuff # latelateshow", 
        "label": 0
    }, 
    "911642559033876481": {
        "pred": 0, 
        "caption": "what is the world coming to ... ?  # lowestformofwit", 
        "label": 1
    }, 
    "910276317882527744": {
        "pred": 0, 
        "caption": "i made this out of an old coffee table \u2026 # diy ", 
        "label": 1
    }, 
    "821869671225901056": {
        "pred": 1, 
        "caption": "mistakes are to refine , not define rt <user> past mistakes ... # thinkbigsundaywithmarsha # makeyourownlane # startup # defstar5 # mpgvip # quotes", 
        "label": 0
    }, 
    "827709119465394176": {
        "pred": 0, 
        "caption": "# betsydevos # theresistance this amway billionaire is very qualified ! ", 
        "label": 1
    }, 
    "861580977235255296": {
        "pred": 0, 
        "caption": "this happens to me quite often ...  # truestory emoji_156", 
        "label": 1
    }, 
    "823314457887731712": {
        "pred": 1, 
        "caption": "love this sign . put one on the back of every bus ! # roadsafety # bikesafety # cyclist", 
        "label": 0
    }, 
    "902686058189611008": {
        "pred": 0, 
        "caption": "it 's fair to say this has happened more than once .  # truestory", 
        "label": 1
    }, 
    "938796305161351168": {
        "pred": 0, 
        "caption": "did 'the simpsons ' predict that president trump ... ", 
        "label": 1
    }, 
    "822953377944522753": {
        "pred": 1, 
        "caption": "everyone there today was there for a reason .", 
        "label": 0
    }, 
    "819323163431477248": {
        "pred": 1, 
        "caption": "have you checked out the titles from <user> lately ? there are some damn fine books there . damn fine .", 
        "label": 0
    }, 
    "819688404833091584": {
        "pred": 1, 
        "caption": "dear california : what ? dear new york : seriously ?", 
        "label": 0
    }, 
    "907192702294511616": {
        "pred": 0, 
        "caption": "news from the future : as refugees don 't want to leave # england , forced deportations have begun . ... let 's make the uk great again . ", 
        "label": 1
    }, 
    "838007434463612929": {
        "pred": 0, 
        "caption": "this would be our dream diet ! # silly  # relatable", 
        "label": 1
    }, 
    "820414862912196608": {
        "pred": 1, 
        "caption": "# republican women pleads with # gop to save aca so her chemo is covered . voting for change has its own challenges .", 
        "label": 0
    }, 
    "819329411463811073": {
        "pred": 1, 
        "caption": "i 'm convinced <user> 's new adorable pupper # pharoah is rocking # ducklips how would you rate this egyptian jewel <user> ? # dogue", 
        "label": 0
    }, 
    "856944063945355264": {
        "pred": 0, 
        "caption": "this isn 't dangerous . going to teach my players to tackle like this at practice first thing tomorrow morning . ", 
        "label": 1
    }, 
    "837682838963109890": {
        "pred": 0, 
        "caption": "it seems we are heading in the right direction - 1 . largest pop country 2 . largest muslim pop country ", 
        "label": 1
    }, 
    "927915605281386496": {
        "pred": 0, 
        "caption": "independents rock ! so grateful that my commonwealth allows me to vote in a gen 'l election even tho i 'm not r or d .  <user>", 
        "label": 1
    }, 
    "823311029887270913": {
        "pred": 1, 
        "caption": "it 's been that kind of day ...", 
        "label": 0
    }, 
    "916511907250552833": {
        "pred": 0, 
        "caption": "because sometimes i just need to amuse myself . # bumpersticker # etsy  # funny # madeyoulaugh # mademelaugh", 
        "label": 1
    }, 
    "820052611638272000": {
        "pred": 1, 
        "caption": "look guys <user> <user> <user> <user> we are number one # girlmeetssweetsixteen", 
        "label": 0
    }, 
    "862485502141779968": {
        "pred": 0, 
        "caption": "when your ex talking about loyalty . ", 
        "label": 1
    }, 
    "861778185415008256": {
        "pred": 0, 
        "caption": "this is going to age sooooooo well . ", 
        "label": 1
    }, 
    "889833114674970625": {
        "pred": 0, 
        "caption": "a smile is more than a mask . it is a strength ; a weapon against atrocities of the people and the world we live in . # smilecasm ", 
        "label": 1
    }, 
    "820409785665327104": {
        "pred": 1, 
        "caption": "despite limited powers mayor <user> & local representatives of # mqm trying their best to serve the people . # kaamtouapneaatehain", 
        "label": 0
    }, 
    "883663535414300672": {
        "pred": 0, 
        "caption": "the little dark spots along this field drive indicate that it rained here last night . whoo hoo ! ! ! !  # kearneycodrought17 continues", 
        "label": 1
    }, 
    "691321835141611527": {
        "pred": 0, 
        "caption": "the amazing effort and artistry that goes into making a <user> burger ", 
        "label": 1
    }, 
    "818237923929657345": {
        "pred": 1, 
        "caption": "most viewed article number one and most commented article number two on naver # yesno", 
        "label": 0
    }, 
    "822226590029361153": {
        "pred": 1, 
        "caption": ". <user> bass-ically does it all . # newfromnamm <user> emoji_2801", 
        "label": 0
    }, 
    "733777709655052288": {
        "pred": 0, 
        "caption": "who sees themselves in their # children ? ", 
        "label": 1
    }, 
    "828017788539301888": {
        "pred": 0, 
        "caption": "we need more television shows starring guys with tattoos and unusual facial hair building cars that nobody will drive . ", 
        "label": 1
    }, 
    "919674045276278789": {
        "pred": 0, 
        "caption": "* gasp ! * chihiro is actually not a little brother , but a little sister ? ! i 'm so surprised !  # imoutosaeirebaii", 
        "label": 1
    }, 
    "721679848599633921": {
        "pred": 0, 
        "caption": "\" excess is a word made up by poor people \" - rob , defending his liberal use of peanut butter on his waffles ", 
        "label": 1
    }, 
    "696008220578414596": {
        "pred": 0, 
        "caption": "tweeting with stick fingers , stick hands and stick arms is a peice of cake ... really . ", 
        "label": 1
    }, 
    "797744788229365760": {
        "pred": 0, 
        "caption": "this man is more funniest than <user> <user> ...  _us # funny # comedy # reality emoji_58", 
        "label": 1
    }, 
    "818242180712120320": {
        "pred": 1, 
        "caption": "stats can 2012 study say 500,000 in bc face food insecurity . # bcliberal solution ; stop giving stats can data # bcpoli # corruption # teambc2017", 
        "label": 0
    }, 
    "820054799924297728": {
        "pred": 1, 
        "caption": "\" i 'm offended \"", 
        "label": 0
    }, 
    "907895635994607616": {
        "pred": 0, 
        "caption": "our listeners like  . oh , * that 's * surprising emoji_156", 
        "label": 1
    }, 
    "879753350799122432": {
        "pred": 0, 
        "caption": "windy today . a rare thing across the <user> as of late .  emoji_156", 
        "label": 1
    }, 
    "700798029595435008": {
        "pred": 0, 
        "caption": "amazon meet apple somewhere in the middle , get close to each other guys ; you are almost the same company ", 
        "label": 1
    }, 
    "823315345117249540": {
        "pred": 1, 
        "caption": "because <user> wasn 't there", 
        "label": 0
    }, 
    "818242186638659585": {
        "pred": 1, 
        "caption": "when you can 't change the direction of the wind . adjust your sails . # imagequote # quoteoftheday", 
        "label": 0
    }, 
    "819024412829683712": {
        "pred": 0, 
        "caption": "exhale ! ! ! # obamafarewell  # tcot", 
        "label": 1
    }, 
    "823310912140537863": {
        "pred": 1, 
        "caption": "thank you <user> my daughter and made memories while making history . thank you for making that possible .", 
        "label": 0
    }, 
    "694514029121949696": {
        "pred": 0, 
        "caption": "pretty much ... # coffee # coffeeaddict ", 
        "label": 1
    }, 
    "851638105492910080": {
        "pred": 0, 
        "caption": "you 're welcome . # friendshipgoals # laughter  # alcohol", 
        "label": 1
    }, 
    "921247351674687488": {
        "pred": 0, 
        "caption": "go america .....  <user> <user> proud , honey ?", 
        "label": 1
    }, 
    "820050301281533952": {
        "pred": 1, 
        "caption": ". <user> <user> your husband has 6 days left to free an innocent man we ask for his freedom will you ? # freeleonardpeltier", 
        "label": 0
    }, 
    "819685868478795781": {
        "pred": 1, 
        "caption": "me : \" we should all value and respect each other 's opinions \" trump supporter : * blinks * me :", 
        "label": 0
    }, 
    "822955217549344768": {
        "pred": 1, 
        "caption": "# scarlettjohanson # madonna # ashleyjudd and the rest of # rich star liberals @ the # womensmarch explain exactly how you 've been held back !", 
        "label": 0
    }, 
    "820057813988872192": {
        "pred": 1, 
        "caption": "i 'd like to say thank you ! thank you for following me ! thank you for all of your support ! i appreciate you ! :)", 
        "label": 0
    }, 
    "692304634870763521": {
        "pred": 0, 
        "caption": "hahhaha  # itsanart", 
        "label": 1
    }, 
    "823310708662222850": {
        "pred": 1, 
        "caption": "mr trump will not need someone to babysit him full-time while he serves as \" president . \" # alternativefacts", 
        "label": 0
    }, 
    "820050009727057921": {
        "pred": 1, 
        "caption": "worthless , useless , poisonous humans , with no conscience or compassion , infest our planet ..", 
        "label": 0
    }, 
    "819330272802050048": {
        "pred": 1, 
        "caption": "motorists - texting and driving is illegal ! put your phone down and pay attention to the road . # alerttodayfl <user>", 
        "label": 0
    }, 
    "816740210822303763": {
        "pred": 0, 
        "caption": "follow to see what 's coming w / this new apparel brand that will say exactly what you 're thinking  # iseestupidpeople # tellitlikeitis", 
        "label": 1
    }, 
    "820052902379188224": {
        "pred": 1, 
        "caption": "... a thorax like you wouldn 't believe frank . nice carl , sounds like one fine specimen <user> # pixel_dailies # pixelart # beetle", 
        "label": 0
    }, 
    "819326117194637314": {
        "pred": 1, 
        "caption": "oh trust me , there is wayyy more than 7", 
        "label": 0
    }, 
    "905162339036655616": {
        "pred": 0, 
        "caption": "<user> i gotta say , beautiful conference center but i 'm disappointed my aircraft wasn 't greeted properly # wifiaccess #  survey ", 
        "label": 1
    }, 
    "855067937601974272": {
        "pred": 0, 
        "caption": "two chin friend . . . # incrediblehumans  # meme # life # instagood # look # life # care # chin # twochins # twoface # fakefriends emoji_929", 
        "label": 1
    }, 
    "823318829535285248": {
        "pred": 1, 
        "caption": "\" they 've never faced us before . not us united \" # justiceleague # justiceiscoming", 
        "label": 0
    }, 
    "725801399460745216": {
        "pred": 0, 
        "caption": "<user> version of what # raindontcome  and <user> version of what # raindontcome means emoji_38 emoji_1858", 
        "label": 1
    }, 
    "858489003213017088": {
        "pred": 0, 
        "caption": "i love this ! ! ! ", 
        "label": 1
    }, 
    "692330929432432640": {
        "pred": 0, 
        "caption": "available now ! link in the bio # photooftheday  # satire # funny # follow # follow4followback # fiu # au # aum #  s \u2026", 
        "label": 1
    }, 
    "820055858629382144": {
        "pred": 1, 
        "caption": "# god can turn around any situation emoji_377", 
        "label": 0
    }, 
    "823318120131608577": {
        "pred": 1, 
        "caption": "size matters ! don 't you think ? # trumpinaugural # womensmarchwashington", 
        "label": 0
    }, 
    "736087928628084738": {
        "pred": 0, 
        "caption": "damn straight ! # quotes # chocolate # weekend  # yvsome # questions # friday # online # socialmedia # food by yasmin \u2026", 
        "label": 1
    }, 
    "729987628028801024": {
        "pred": 0, 
        "caption": "lunch time  emoji_19", 
        "label": 1
    }, 
    "817516766033285120": {
        "pred": 1, 
        "caption": "this is how all webcomic name merchandise should be sold", 
        "label": 0
    }, 
    "822584826037436420": {
        "pred": 1, 
        "caption": "i used to be young n pretty", 
        "label": 0
    }, 
    "820410628452077568": {
        "pred": 1, 
        "caption": "name it . call it out for what it is ....", 
        "label": 0
    }, 
    "821868954759131138": {
        "pred": 1, 
        "caption": "this is what my top 5 list would look like if i was in high school !", 
        "label": 0
    }, 
    "934826357296631808": {
        "pred": 0, 
        "caption": "we love being out with our family ! ! !  # onlyhereiftheremightbepizza", 
        "label": 1
    }, 
    "820415787349508096": {
        "pred": 1, 
        "caption": "yesterday : turkey fights with terrorists holding dollars . today : turkey offers citizenship those holding $ 1 million & invest in turkey .", 
        "label": 0
    }, 
    "820050806846189569": {
        "pred": 1, 
        "caption": "5 underlying digital marketing trends # digitalmarketing # makeyourownlane # seo # content # contentmarketing # data # bigdata # seo # smm", 
        "label": 0
    }, 
    "822226351268761601": {
        "pred": 1, 
        "caption": "great example of how team # maga uses bots - how can you have 100 + rts / likes in 2min ? # theresistance # impeachtrump # inauguration # trumpleaks", 
        "label": 0
    }, 
    "718614378883477504": {
        "pred": 0, 
        "caption": "never ! ", 
        "label": 1
    }, 
    "736082451424890881": {
        "pred": 0, 
        "caption": "when it 's 2nd april and she is still pregnant ..  <user> emoji_19 emoji_19 emoji_19", 
        "label": 1
    }, 
    "877191575067127809": {
        "pred": 0, 
        "caption": "how to build a team by phil jackson first and final step : try to trade your best players ( melo , kp ) and you got it ! # knicks # nba  emoji_4086 emoji_4086", 
        "label": 1
    }, 
    "820415727978979330": {
        "pred": 1, 
        "caption": "get the popcorn ready ... tonight 's snl 's gonna be a good one ! ! ! # snl # theresistance # unpresidented # goldenshowers mypresident # maga", 
        "label": 0
    }, 
    "909433560712597504": {
        "pred": 0, 
        "caption": "i know you just put this one up but ...... slaves ! take em all down <user> <user> <user> <user> <user>  \u2013 at battery park", 
        "label": 1
    }, 
    "820054311623196672": {
        "pred": 1, 
        "caption": "talunin natin pls hahaha wow competitive", 
        "label": 0
    }, 
    "819688397266505728": {
        "pred": 1, 
        "caption": "this is what happens when i 'm working and <user> isn 't \u2026 turkey pot pie emoji_744", 
        "label": 0
    }, 
    "822228485422940160": {
        "pred": 1, 
        "caption": "cnn 's \" balanced \" panel <user> <user> <user> # trumpinauguration emoji_1632", 
        "label": 0
    }, 
    "879496038687547392": {
        "pred": 0, 
        "caption": "that line up though ", 
        "label": 1
    }, 
    "848178592383160320": {
        "pred": 0, 
        "caption": "# stilesstilinski # human # friend # hero  # teenwolf ( credit to creator ) emoji_297", 
        "label": 1
    }, 
    "820048995099770880": {
        "pred": 1, 
        "caption": "lmao rt <user> : these are 2 males rt <user> : dating black women vs dating white women emoji_19 emoji_19 emoji_19", 
        "label": 0
    }, 
    "822224708015898625": {
        "pred": 1, 
        "caption": "* filling out a job application * \u201c how do you handle a difficult situation with a rude customer ? \"", 
        "label": 0
    }, 
    "710870841664409601": {
        "pred": 0, 
        "caption": "no need to sugar the pill , lloyds bank . ", 
        "label": 1
    }, 
    "819325066269704192": {
        "pred": 1, 
        "caption": "max is in the mend . couple more weeks at chla . thanks for the love ! # yr <user> # chla", 
        "label": 0
    }, 
    "821505383130800133": {
        "pred": 1, 
        "caption": "fosters high ideals of friendship among women promotes educational and cultural interests # iamasororitywoman emoji_186 emoji_186", 
        "label": 0
    }, 
    "827619548610310148": {
        "pred": 0, 
        "caption": "follow wishful widows on facebook ... # divorce needs # inspiration and  ...", 
        "label": 1
    }, 
    "816795830933917696": {
        "pred": 1, 
        "caption": "not to mention ..... free refreshments .", 
        "label": 0
    }, 
    "921594955138781184": {
        "pred": 0, 
        "caption": "you just have to call her name if you are angry at her . ", 
        "label": 1
    }, 
    "822815885761138692": {
        "pred": 0, 
        "caption": "i always think the alt right speak for themselves so eloquently . they say \" i 'm gonna tell you i 'm this kinda person & proud . \" ", 
        "label": 1
    }, 
    "818240532967079937": {
        "pred": 1, 
        "caption": "regina king looks so good in this . swoon .", 
        "label": 0
    }, 
    "822586347969986560": {
        "pred": 1, 
        "caption": "for the small group of people that think i use a filter for my artworks .", 
        "label": 0
    }, 
    "822255713816715264": {
        "pred": 0, 
        "caption": "little known fact , january 20th is penguin awareness day . and nothing else is happening tomorrow . nothing . via <user> & ", 
        "label": 1
    }, 
    "817517604868882432": {
        "pred": 1, 
        "caption": "just a quick reminder of where are some of the best players going , because of the money ...", 
        "label": 0
    }, 
    "823309191003721728": {
        "pred": 1, 
        "caption": "thank you <user> for the meme . perfect . # gbvsatl # cowboysnation <user> <user>", 
        "label": 0
    }, 
    "918550230546690048": {
        "pred": 0, 
        "caption": "the house is coming along slowly . class really misses <user> homebuilding expertise ! ! ", 
        "label": 1
    }, 
    "870411295366971393": {
        "pred": 0, 
        "caption": "yo <user> thanks for the yearly fee reminder ! here 's to you !  tweet # planetfitness # hiddenfee # mrmet", 
        "label": 1
    }, 
    "822229394974384129": {
        "pred": 1, 
        "caption": "# ireland - the best activities + where to eat + where to stay while visiting county galway with kids # familytravel # europe # traveltips # kids", 
        "label": 0
    }, 
    "817516791064854529": {
        "pred": 1, 
        "caption": "all people ..", 
        "label": 0
    }, 
    "820053284744548354": {
        "pred": 1, 
        "caption": "<user> i don 't even know who this guy is lol", 
        "label": 0
    }, 
    "821507099817607168": {
        "pred": 1, 
        "caption": "bonjour mes amis ! watching the # cpcldr debate . 13 people on stage and not enough time for anybody to say anything of substance ! # cdnpoli", 
        "label": 0
    }, 
    "768541128174006276": {
        "pred": 0, 
        "caption": "see even chanakya knew it !  emoji_26", 
        "label": 1
    }, 
    "829713774055682048": {
        "pred": 0, 
        "caption": "who likes being in the hospital for days , bc they were dehydrated , even though they drank a lot of water , but needed electrolytes ? ", 
        "label": 1
    }, 
    "823310221342900225": {
        "pred": 1, 
        "caption": "she dreams she can 't go into schools or multiple businesses . she dreams she can be sold at walmart . what a dream ... what a dream .....", 
        "label": 0
    }, 
    "714738569219321860": {
        "pred": 0, 
        "caption": "i have belly ache ....  # lovelayla # greetingscard # card # funny ", 
        "label": 1
    }, 
    "711600744223391744": {
        "pred": 0, 
        "caption": "my sister caught me at my happiest . i 'm such a little bundle of joy .  emoji_88", 
        "label": 1
    }, 
    "728938770842669058": {
        "pred": 0, 
        "caption": "smart managing from lvg , after a game of us attacking all game we bring on schneiderlin ! ", 
        "label": 1
    }, 
    "706359669653045249": {
        "pred": 0, 
        "caption": "two of these three people really enjoy being interviewed . ", 
        "label": 1
    }, 
    "827844035083698176": {
        "pred": 0, 
        "caption": "dude .. how will you unlock the happiness by a wrong key ? rt if get this . ", 
        "label": 1
    }, 
    "826543404897165312": {
        "pred": 0, 
        "caption": "what ! # betsydevos copied her work from a woc ? ! wow that 's shocking / so unusual , never happened before i 'm sure  # personalexperience emoji_204", 
        "label": 1
    }, 
    "939769831481516032": {
        "pred": 0, 
        "caption": "chance of record missed under my captaincy - <user> # indvsl ", 
        "label": 1
    }, 
    "819688638766166018": {
        "pred": 1, 
        "caption": "# naver main # dara # bom # cl # minzy # 2ne1 2170113 good bye . . . . . . . . .. . . # thankyou2ne1", 
        "label": 0
    }, 
    "820413273694674944": {
        "pred": 1, 
        "caption": "my tv is at the new crib . watching playoff football all weekend on this goddam r kelly tv", 
        "label": 0
    }, 
    "820411759043325952": {
        "pred": 1, 
        "caption": "mathias cormann claimed $ 23k broome family holiday just two months after he and hockey handed down the 2014 budget ! pay us back ! # auspol emoji_84", 
        "label": 0
    }, 
    "820050414620045312": {
        "pred": 1, 
        "caption": "lmao why do i find this so funny", 
        "label": 0
    }, 
    "822587680856932357": {
        "pred": 1, 
        "caption": "movie theaters if they make bechloe happen vs if they don 't . # pp3", 
        "label": 0
    }, 
    "916723908379860992": {
        "pred": 0, 
        "caption": "lots of options ! # stilllaughing # mademesmile # madeyousmile # funny  # bumpersticker # bumperstickers # funnybumperstickers", 
        "label": 1
    }, 
    "818239080924381184": {
        "pred": 1, 
        "caption": "man i love this", 
        "label": 0
    }, 
    "819330595146829824": {
        "pred": 1, 
        "caption": "# tntweeters # uslatino # resist how dare donald trump 's own son travel 9 years back in time to release fake news about his father ? so sad ! )", 
        "label": 0
    }, 
    "688016874370674695": {
        "pred": 0, 
        "caption": "i love attitudes  emoji_218", 
        "label": 1
    }, 
    "821504287469666305": {
        "pred": 1, 
        "caption": "i 've been blocked by <user> ? now that 's amusing .", 
        "label": 0
    }, 
    "822226869365907456": {
        "pred": 1, 
        "caption": "<user> give <user> a run for his money", 
        "label": 0
    }, 
    "825508391871184897": {
        "pred": 0, 
        "caption": "smart man  <user>", 
        "label": 1
    }, 
    "707741717881950209": {
        "pred": 0, 
        "caption": "games look horrible on xb1 ...  # screenshot # lookslikeconceptart # lighting", 
        "label": 1
    }, 
    "822952277119897600": {
        "pred": 1, 
        "caption": "awesome", 
        "label": 0
    }, 
    "819327539495796737": {
        "pred": 1, 
        "caption": "well ......", 
        "label": 0
    }, 
    "818245875726249985": {
        "pred": 1, 
        "caption": "it 's not easy to wake up after a few hours spent in a # hammock . # hardlife", 
        "label": 0
    }, 
    "820410240764116992": {
        "pred": 1, 
        "caption": "bippy has a cool design so i drew him # toughbippy <user>", 
        "label": 0
    }, 
    "706289587212124160": {
        "pred": 0, 
        "caption": "work tonight so many things to put away and so many kids running around and screaming fun ! - - ", 
        "label": 1
    }, 
    "712810737811505153": {
        "pred": 0, 
        "caption": "i could enter the olympics ! ;) rt <user> : ", 
        "label": 1
    }, 
    "693410085620461569": {
        "pred": 0, 
        "caption": "great . we can 't wait to hunt the field for that later ... ", 
        "label": 1
    }, 
    "818242177436385280": {
        "pred": 1, 
        "caption": "ah , home again from my magfest adventure . now i 've gotta wait a full year for the next one ... anyone know how to turn back time three days ?", 
        "label": 0
    }, 
    "817519603089899524": {
        "pred": 1, 
        "caption": "this is called # mkultra , people .. lets just take the training wheels off and grow up here", 
        "label": 0
    }, 
    "821505970824093697": {
        "pred": 1, 
        "caption": "attorney allred noted that since plaintiff zervos was a contestant on the apprentice , outtakes would be subject to subpoena # stoptrump # dems", 
        "label": 0
    }, 
    "819687354386546689": {
        "pred": 1, 
        "caption": "new season , new me ... # thechallengeinvasion # feb7th", 
        "label": 0
    }, 
    "823479162656657408": {
        "pred": 0, 
        "caption": "<user> pres . buhari just released the following pix ! saying he is still alive . for nigerians , the nightmare is not yet over . ", 
        "label": 1
    }, 
    "822586336125321222": {
        "pred": 1, 
        "caption": "rainy days .... emoji_3205", 
        "label": 0
    }, 
    "821504158696177664": {
        "pred": 1, 
        "caption": "jesus ... this man makes trump look like a goddamn saint .", 
        "label": 0
    }, 
    "837603544895217665": {
        "pred": 0, 
        "caption": "this is definitely me ! ", 
        "label": 1
    }, 
    "870132473056829440": {
        "pred": 0, 
        "caption": "there is no answer . it 's a # conundrum ", 
        "label": 1
    }, 
    "819330965730426881": {
        "pred": 1, 
        "caption": "after 3 failed tries and a good dose of low self esteem , this is the best i can for tonight . not sure it looks like <user> anyway", 
        "label": 0
    }, 
    "822593333260328961": {
        "pred": 1, 
        "caption": "this is 40 year old banner means we 're still protesting the same issues . we need # change # womensmarchsydney", 
        "label": 0
    }, 
    "818241628330749952": {
        "pred": 1, 
        "caption": "this is great emoji_19", 
        "label": 0
    }, 
    "882067719184674816": {
        "pred": 0, 
        "caption": "maria was complaining of murths ... - george sanders as benjamin ballon in a shot in the dark ...  :)", 
        "label": 1
    }, 
    "817158696534994944": {
        "pred": 1, 
        "caption": "blessed are those who mourn ... for they will be comforted . # godsgraceandfavor", 
        "label": 0
    }, 
    "819693140131069954": {
        "pred": 1, 
        "caption": "it would all go to waste if it weren 't for you . # sugakookie", 
        "label": 0
    }, 
    "820410053995819008": {
        "pred": 1, 
        "caption": "ugh . this guy again . <user> <user> # destinationbroadway # palmspringsdirect", 
        "label": 0
    }, 
    "834633247443255301": {
        "pred": 0, 
        "caption": "i feel this most of the times # friends # chandler ", 
        "label": 1
    }, 
    "823314560073482240": {
        "pred": 1, 
        "caption": "\u201c the saddest aspect of life right now is that # science gathers knowledge faster than # society gathers # wisdom . \u201d - asimov # amwriting # tech", 
        "label": 0
    }, 
    "818237826760318976": {
        "pred": 1, 
        "caption": "me : grandma come over grandma : cant i 'm too old me : my parents left me alone at the house with no food", 
        "label": 0
    }, 
    "818606574755160064": {
        "pred": 1, 
        "caption": "very true", 
        "label": 0
    }, 
    "839856340755496960": {
        "pred": 0, 
        "caption": "toronto women 's fashion week bound ! i don 't think i packed enough .  <user> <user> <user> <user>", 
        "label": 1
    }, 
    "832077099523567617": {
        "pred": 0, 
        "caption": "i 'm definitely the latter .  # wine # fine emoji_2371", 
        "label": 1
    }, 
    "735081946548576256": {
        "pred": 0, 
        "caption": "what happens when ur bf is busy playing dota ", 
        "label": 1
    }, 
    "820052841268187140": {
        "pred": 1, 
        "caption": "you ever notice trump supporters love to just call us names . especially \" snowflake \" or \" snowflakes \" may i remind them . emoji_2361 emoji_2361 emoji_19 emoji_19 emoji_19", 
        "label": 0
    }, 
    "822828196714442753": {
        "pred": 0, 
        "caption": "let 's end violence against women , except for women in the womb .  # hypocrisy # womensmarch # prolifeprowoman # lovethemboth # abortion", 
        "label": 1
    }, 
    "736022497783652352": {
        "pred": 0, 
        "caption": "when guys are dumbasses but you told yourself you would try to be nicer .  emoji_36", 
        "label": 1
    }, 
    "683363557321388032": {
        "pred": 0, 
        "caption": "feeding my abs nothing but the best quality beef ", 
        "label": 1
    }, 
    "828652835915124736": {
        "pred": 0, 
        "caption": "i think we have all been there # awkward  # tv # theoffice credit : <user> <user>", 
        "label": 1
    }, 
    "817516494317875201": {
        "pred": 1, 
        "caption": "sources to fnc : suspect said he was forced to watch isis propaganda . # breakingnews # fortlauderdale", 
        "label": 0
    }, 
    "925034111747665920": {
        "pred": 0, 
        "caption": "* shrugs * happy new week darlings # caffeine  # inappropriatethoughts # monday # officelife emoji_140", 
        "label": 1
    }, 
    "685173919058407424": {
        "pred": 0, 
        "caption": "snowy owl came too close to traffic camera and he is being ticketed for not reading the signs in # french ", 
        "label": 1
    }, 
    "819688392879443968": {
        "pred": 1, 
        "caption": "this whole thread is amazing .", 
        "label": 0
    }, 
    "899242438019215361": {
        "pred": 0, 
        "caption": "welcome to brexit britain . cheers everybody . ", 
        "label": 1
    }, 
    "820413455958151168": {
        "pred": 1, 
        "caption": "congrats to our <user> class for keeping the galaxy safe by building their battle station apps ! # gdisalesforce", 
        "label": 0
    }, 
    "820410063768555520": {
        "pred": 1, 
        "caption": "hey <user> - does it actually hurt being this ignorant and stupid ? # auspol via <user>", 
        "label": 0
    }, 
    "852999253349847046": {
        "pred": 0, 
        "caption": "officially deleting my facebook ..  # reallywouldntmakemymanpay # whoruguy ?", 
        "label": 1
    }, 
    "822956074105851904": {
        "pred": 1, 
        "caption": "done with my commentary block . who 's next ? here 's a clue for 1/2 of them", 
        "label": 0
    }, 
    "724007134262902784": {
        "pred": 0, 
        "caption": "got to see another impressive outing by sanchez today ... ", 
        "label": 1
    }, 
    "895235112354406403": {
        "pred": 0, 
        "caption": "[ finally . a real solution .  ]", 
        "label": 1
    }, 
    "832465045921558529": {
        "pred": 0, 
        "caption": "that would be us ! ! ! yaaaaasssss ! # andanotherthing  # wine # asakidiusedto emoji_2371 emoji_2373 emoji_2375 emoji_2377", 
        "label": 1
    }, 
    "822588328713289728": {
        "pred": 1, 
        "caption": "once upon a time when 'sambisa ' was mentioned you thought of tourists , not terrorists ...", 
        "label": 0
    }, 
    "823010756836921344": {
        "pred": 0, 
        "caption": "all hail the god emperor ...  # inauguration # inauguration2017 # donaldtrump mypotus # godemperor # goldenshowersbringtrumptowers", 
        "label": 1
    }, 
    "817521094752141314": {
        "pred": 1, 
        "caption": "how many of you miss this beloved funny car driver ? # innhra # indragracing", 
        "label": 0
    }, 
    "819685425170251778": {
        "pred": 1, 
        "caption": "islam want to destroy us and i want to prevent it ~ geert wilders # maga # pvv # trump # mega", 
        "label": 0
    }, 
    "815444754204721152": {
        "pred": 0, 
        "caption": "still me , this # happynewyear # sup2017 # soberthoughts # soberthoughtsph follow <user>  <user> emoji_2131", 
        "label": 1
    }, 
    "847145698965573632": {
        "pred": 0, 
        "caption": "something for my epitaph  # 2ndlanguage # gonnagetmeintroubleoneofthesedays emoji_549", 
        "label": 1
    }, 
    "818239064763666433": {
        "pred": 1, 
        "caption": "i 'm my only competition", 
        "label": 0
    }, 
    "821868425127411713": {
        "pred": 1, 
        "caption": "# taeyang # youngbae reply on ins <user>", 
        "label": 0
    }, 
    "721349486790975488": {
        "pred": 0, 
        "caption": "didn 't know that ", 
        "label": 1
    }, 
    "822956471021424641": {
        "pred": 1, 
        "caption": "that was not empty space ... that was millions of people wearing sheets . period . # spicerfacts", 
        "label": 0
    }, 
    "715633565334167552": {
        "pred": 0, 
        "caption": "nothing like the virtual open sea  # wowselfie", 
        "label": 1
    }, 
    "819689484849713152": {
        "pred": 1, 
        "caption": ". <user> steve harvey 's head is so big , when he takes a selfie , it 's called a group photo .", 
        "label": 0
    }, 
    "908536139446755328": {
        "pred": 0, 
        "caption": "hey <user> / <user> . you upgraded youtube with a new look . that i can 't view . on <user> . # greatwork ", 
        "label": 1
    }, 
    "946524645032976385": {
        "pred": 0, 
        "caption": "not misogyny tho . ", 
        "label": 1
    }, 
    "715670001940697088": {
        "pred": 0, 
        "caption": "lucky me ! two city cat journeys in one day ", 
        "label": 1
    }, 
    "889113302894166016": {
        "pred": 0, 
        "caption": "and i call # iwin # iamwhoiam # wit ", 
        "label": 1
    }, 
    "871437724158480385": {
        "pred": 0, 
        "caption": "<user> has selected <user> to be spokesthing for the british people ... # didnotseethatcoming [  ]", 
        "label": 1
    }, 
    "818606510368505856": {
        "pred": 1, 
        "caption": "u like what u see <user> <user>", 
        "label": 0
    }, 
    "819325533439725568": {
        "pred": 1, 
        "caption": "stunned wrt misinformed <user> of nyt re science accomplished by my son . an example of why nyt climate reporting is so flawed", 
        "label": 0
    }, 
    "819158842147803136": {
        "pred": 0, 
        "caption": " my first language emoji_92", 
        "label": 1
    }, 
    "818605284537077772": {
        "pred": 1, 
        "caption": "don 't matter what people say , i 'm beautiful for being who i am # iambeautifuleg", 
        "label": 0
    }, 
    "822947210451152897": {
        "pred": 1, 
        "caption": "i looked good af today cmon emoji_377", 
        "label": 0
    }, 
    "816796312075141120": {
        "pred": 1, 
        "caption": "this is one of the cooler pictures i took today # disneyworld # starwars", 
        "label": 0
    }, 
    "938424698551046144": {
        "pred": 0, 
        "caption": "\" y \u2019 all \"  emoji_621 emoji_140", 
        "label": 1
    }, 
    "823310253005619201": {
        "pred": 1, 
        "caption": "so beautiful . will also cause me to go broke buying them all !", 
        "label": 0
    }, 
    "820781722505768961": {
        "pred": 1, 
        "caption": "i am so proud to be a columnist at <user>", 
        "label": 0
    }, 
    "819690485899993088": {
        "pred": 1, 
        "caption": "\" she 's kenzi . she 's smart and honest and kind ; and she makes me feel normal and special - all at the same time . she is my heart . \" # lostgirl", 
        "label": 0
    }, 
    "819330118279696384": {
        "pred": 1, 
        "caption": "dear oh dear oh dear . pride comes before a fall , right enough . <user>", 
        "label": 0
    }, 
    "817518874103054336": {
        "pred": 1, 
        "caption": "arabs be having kids like .", 
        "label": 0
    }, 
    "871809735699214340": {
        "pred": 0, 
        "caption": "hey <user> love the # siri improvements but if you really want to improve it , please help it to better understand my  # apple # wwdc17", 
        "label": 1
    }, 
    "939591306392821760": {
        "pred": 0, 
        "caption": "\" get u a friend like this \" ", 
        "label": 1
    }, 
    "856922165928755203": {
        "pred": 0, 
        "caption": "dear <user> your dagwood sandwich needs to be bigger !  # yuge", 
        "label": 1
    }, 
    "822223925312704512": {
        "pred": 1, 
        "caption": "congratulations to all # summitcounty # ohio school districts that are getting readiness coalitions started !", 
        "label": 0
    }, 
    "823616855252336640": {
        "pred": 0, 
        "caption": "but i don 't understand why women marched ....  <user>", 
        "label": 1
    }, 
    "817518220932509699": {
        "pred": 1, 
        "caption": "i 'm the greatest bell man i 've ever heard # wcpw", 
        "label": 0
    }, 
    "926589171606663169": {
        "pred": 0, 
        "caption": "don 't drink and drive  # funny", 
        "label": 1
    }, 
    "879827272244396033": {
        "pred": 0, 
        "caption": "the reason why are you blocked ", 
        "label": 1
    }, 
    "820050506059902976": {
        "pred": 1, 
        "caption": "when # nodapl rears its ugly face again in a week or two , here 's a list of \" whose banking on the pipeline \" # dakotaaccesspipeline", 
        "label": 0
    }, 
    "752431172672626691": {
        "pred": 0, 
        "caption": "me reflecting on the weekend . ", 
        "label": 1
    }, 
    "823310097711583233": {
        "pred": 1, 
        "caption": "this is one of the reasons that i can 't take this march seriously .", 
        "label": 0
    }, 
    "725284784763711488": {
        "pred": 0, 
        "caption": "best friend ever ", 
        "label": 1
    }, 
    "822224826844647424": {
        "pred": 1, 
        "caption": "this view always inspires beyond politics", 
        "label": 0
    }, 
    "885475990138486785": {
        "pred": 0, 
        "caption": "you better check yourself before you wreck . ", 
        "label": 1
    }, 
    "822949133203881984": {
        "pred": 1, 
        "caption": "the wonga pigeon stayed perfectly still hoping i couldn \u2019 t see it . look at that watchful eye ! # nativepigeon # birding # wildoz", 
        "label": 0
    }, 
    "832381483566379009": {
        "pred": 0, 
        "caption": "i missed this screen ! !  # pokemongo", 
        "label": 1
    }, 
    "873360782548971521": {
        "pred": 0, 
        "caption": " is an art . deal with it .", 
        "label": 1
    }, 
    "822588505931059200": {
        "pred": 1, 
        "caption": "omg mum . i should not have encouraged her to get snapchat", 
        "label": 0
    }, 
    "859056671179636737": {
        "pred": 0, 
        "caption": "dump your furniture on the sidewalk & leave .  the city of # guelph will clean it up . # guelph # students # university of # guelph", 
        "label": 1
    }, 
    "823314811522007040": {
        "pred": 1, 
        "caption": "and where dangerous word is unknown", 
        "label": 0
    }, 
    "819330641531727873": {
        "pred": 1, 
        "caption": "another controversy ? duke 's grayson allen appears to pull out handgun while going after loose ball", 
        "label": 0
    }, 
    "693217080062005249": {
        "pred": 0, 
        "caption": "just a few schools here today !  # nhs4n6", 
        "label": 1
    }, 
    "820409909778976768": {
        "pred": 1, 
        "caption": "quite a photo . thames barrier doing its job & saving london streets from the north sea via <user> <user>", 
        "label": 0
    }, 
    "715638264795779072": {
        "pred": 0, 
        "caption": "waaaaaaay too much . # iamwhoiam # justsayin # canyouhandleit # icantakeit # keeplifefun # jokearound  # smartassism", 
        "label": 1
    }, 
    "830103394714939392": {
        "pred": 0, 
        "caption": "the beautiful los angeles river - why isn 't this a wonder of the world already ? ", 
        "label": 1
    }, 
    "819329669677846529": {
        "pred": 1, 
        "caption": "mn 's own ! ! ! ! ! ! ! !", 
        "label": 0
    }, 
    "823312523457949696": {
        "pred": 1, 
        "caption": "this is already atlanta 's best year ever # superbowlli", 
        "label": 0
    }, 
    "819330897862414336": {
        "pred": 1, 
        "caption": ". <user> answers my question at the press briefing today .", 
        "label": 0
    }, 
    "937879622255030275": {
        "pred": 0, 
        "caption": "\" appreciation tweet for rihanna \u2019 s cupid \u2019 s bow \"  emoji_4075", 
        "label": 1
    }, 
    "818603379794419712": {
        "pred": 1, 
        "caption": "latest pics of # thala # ajith # thala57 # ak57", 
        "label": 0
    }, 
    "822948645695844353": {
        "pred": 1, 
        "caption": "that would make more sense", 
        "label": 0
    }, 
    "820050428775829505": {
        "pred": 1, 
        "caption": "if 'the people ' can vote us out of the eu , how come nobody listens when they say # huntmustgo ?", 
        "label": 0
    }, 
    "822586053819240449": {
        "pred": 1, 
        "caption": "i 'll be repping buffy at the # womensmarchonchicago tomorrow . <user> <user> <user>", 
        "label": 0
    }, 
    "820054558953050112": {
        "pred": 1, 
        "caption": "what 's so scary about # fridaythe13th , anyway ?", 
        "label": 0
    }, 
    "822956340528222209": {
        "pred": 1, 
        "caption": "look at that silly smile in adalind 's face .. this ship is killing me ! ! # nadalind # nadalindkisses # grimm # grimmseason6 emoji_238 emoji_590", 
        "label": 0
    }, 
    "940264356675284993": {
        "pred": 0, 
        "caption": "<user> thanks for the warning on all that extreme weather we 're having . ", 
        "label": 1
    }, 
    "823311332048896000": {
        "pred": 1, 
        "caption": "oh my god plan a and starship are in the same building", 
        "label": 0
    }, 
    "706657778140471298": {
        "pred": 0, 
        "caption": "avril lavigne on being one of the best creative minds of our time .  emoji_19", 
        "label": 1
    }, 
    "855124796291600384": {
        "pred": 0, 
        "caption": "well that 's one way to class up the joint ... ? [  ] # ugggh", 
        "label": 1
    }, 
    "823315070423797760": {
        "pred": 1, 
        "caption": "up next - last match of the day # eleaguemajor rt for <user> like of <user> reply if you love cats <user> # eleaguecats", 
        "label": 0
    }, 
    "818244581762351104": {
        "pred": 1, 
        "caption": "i really hope this # justiceleague scene is in slow motion . that 's how i imagine it anyway .", 
        "label": 0
    }, 
    "921779205842657280": {
        "pred": 0, 
        "caption": "salina central state qualifiers 2017 . sorry , but you have one more week of practice . ", 
        "label": 1
    }, 
    "725111766426886144": {
        "pred": 0, 
        "caption": "i live for messages like this ! ", 
        "label": 1
    }, 
    "692580725133045760": {
        "pred": 0, 
        "caption": "i am great at  !", 
        "label": 1
    }, 
    "883786830646312960": {
        "pred": 0, 
        "caption": "i think i may be the greatest fisherman who has ever lived . just look at the size of my largemouth bass . ", 
        "label": 1
    }, 
    "856978263993978881": {
        "pred": 0, 
        "caption": "the birthday reality # happybirthday ", 
        "label": 1
    }, 
    "939526417695481856": {
        "pred": 0, 
        "caption": "evms hacked in gujarat elections ", 
        "label": 1
    }, 
    "913433776931397633": {
        "pred": 0, 
        "caption": "guys look ! it 's our next president ! and you thought trump was great , just wait to meet this guy . ", 
        "label": 1
    }, 
    "817051619334311936": {
        "pred": 0, 
        "caption": "every good brand strategy includes modal usage guidelines . ", 
        "label": 1
    }, 
    "819694403870720004": {
        "pred": 1, 
        "caption": "sad but true ... # theresistance # obamafarewell # trump", 
        "label": 0
    }, 
    "872278451612377089": {
        "pred": 0, 
        "caption": "# ltbu knew it all along ! ", 
        "label": 1
    }, 
    "724226487931510784": {
        "pred": 0, 
        "caption": "all these sunglasses but no shade  <user> emoji_843 emoji_843 emoji_843 emoji_843 emoji_843 emoji_843 emoji_843 emoji_843 emoji_843 emoji_843 emoji_843 emoji_843 emoji_843 emoji_843 emoji_843", 
        "label": 1
    }, 
    "822950049655046145": {
        "pred": 1, 
        "caption": ". <user> looks like he borrowed his dad 's coat to go to the homecoming dance .", 
        "label": 0
    }, 
    "693227436452945920": {
        "pred": 0, 
        "caption": "yes ! the # earthisflat ! we fly on a turtle through space ! ! ! # pleasebelieveme ! ", 
        "label": 1
    }, 
    "715681844763566080": {
        "pred": 0, 
        "caption": "motivation by  ? :)", 
        "label": 1
    }, 
    "816263460656992256": {
        "pred": 0, 
        "caption": "well that was super helpful . thanks , <user> ", 
        "label": 1
    }, 
    "819689929018142720": {
        "pred": 1, 
        "caption": "let 's be adventurers ! # saltlife", 
        "label": 0
    }, 
    "841528734964310016": {
        "pred": 0, 
        "caption": "yup that is exactly where garbage goes .. on the floor where i can pick it up for you  # crewlife emoji_1351", 
        "label": 1
    }, 
    "787481394536648704": {
        "pred": 0, 
        "caption": "g 'night .. off to nyc early in the am . oh , not sure if you 've heard , there 's a new tv show , # berlinstation # ep , # richardarmitage # su9pm ", 
        "label": 1
    }, 
    "891992720838971392": {
        "pred": 0, 
        "caption": "and our friends have arrived , likely to keep us safe ! thanks halifax police  # freethelabradorthree", 
        "label": 1
    }, 
    "879279227492814848": {
        "pred": 0, 
        "caption": "some suggestions for travelers . # travelwriting # travelpics # fun ", 
        "label": 1
    }, 
    "832079046351667200": {
        "pred": 0, 
        "caption": "it 's been a pretty good day ! despite all over overloaded  i managed a few smiles & made other people smile . i changed the world + 3", 
        "label": 1
    }, 
    "818605024616075264": {
        "pred": 1, 
        "caption": "my daughter is a model ... i 'm screwed . i love you so much baby girl ! ! ! !", 
        "label": 0
    }, 
    "822226113061601284": {
        "pred": 1, 
        "caption": "really cool gladiator flier from # starcitizen model design by david hobbins # scifi # art", 
        "label": 0
    }, 
    "703371915344404480": {
        "pred": 0, 
        "caption": "just a typical friday night , filming for gtn showcase . life and times of a superstar .  # bluetheshopdog # gtn", 
        "label": 1
    }, 
    "822954933515382784": {
        "pred": 1, 
        "caption": "there is a limit to the success of conservative populism and the exploration of \" little guy \" or \" silent majority \" rhetoric ... - # hitch", 
        "label": 0
    }, 
    "822593889282510848": {
        "pred": 1, 
        "caption": "looks like a nasty nor 'easter early next week but a lack of cold air means this nor 'easter is rain not snow . # 7news", 
        "label": 0
    }, 
    "818240034629386243": {
        "pred": 1, 
        "caption": "citi 's eurozone economic surprise index is absolutely surging . highest level since early 2013 .", 
        "label": 0
    }, 
    "834651156622213120": {
        "pred": 0, 
        "caption": "# isro makes history , given side step . # vksasikala in jail gets # salute  # star theghantas # deservesaghanta \u2026", 
        "label": 1
    }, 
    "691878605782171648": {
        "pred": 0, 
        "caption": "this exchange is hilarious but goes to show how stupid people can be with  :", 
        "label": 1
    }, 
    "817518326855266304": {
        "pred": 1, 
        "caption": "that 's how i like my men emoji_919 emoji_328", 
        "label": 0
    }, 
    "820414200300392449": {
        "pred": 1, 
        "caption": "eating nanz , not to be taken literally .", 
        "label": 0
    }, 
    "818241100318130177": {
        "pred": 1, 
        "caption": "lmfao", 
        "label": 0
    }, 
    "819935492326047745": {
        "pred": 0, 
        "caption": "the best shirt ever ! # theoneforme # iamsosarcastic  # iamfluentinsarcasm # toogoodtopassup # lovethisshirt # boom", 
        "label": 1
    }, 
    "822225536466325504": {
        "pred": 1, 
        "caption": "you guys i passed my stateboard exam", 
        "label": 0
    }, 
    "892038477742837762": {
        "pred": 0, 
        "caption": "my dogs face looks like she just saw the best broadway show ", 
        "label": 1
    }, 
    "732839122239377408": {
        "pred": 0, 
        "caption": "freelance lyfe ", 
        "label": 1
    }, 
    "822584628489912321": {
        "pred": 1, 
        "caption": "when you think lincoln was a great guy that freed slaves cause it was right vs . when you know lincoln was capitalist racist trash", 
        "label": 0
    }, 
    "865488370838851585": {
        "pred": 0, 
        "caption": "i know few of them ; bloody as * holes ( askholes )  ", 
        "label": 1
    }, 
    "823419841088458752": {
        "pred": 0, 
        "caption": "it is ", 
        "label": 1
    }, 
    "892325153262239749": {
        "pred": 0, 
        "caption": "accurate still . ", 
        "label": 1
    }, 
    "820781416099303424": {
        "pred": 1, 
        "caption": "should trump defend nato allies ? 71 % say yes , should 20 % say no results from recent <user> :", 
        "label": 0
    }, 
    "724872310503657472": {
        "pred": 0, 
        "caption": "^ musing | written by karuna gaikwad from mumbai on  | # musing # thesilenttalks", 
        "label": 1
    }, 
    "819689074369921025": {
        "pred": 1, 
        "caption": "# cthulhucthursday and if enough people try to get in on my cthulhu cherry pie , i have one more . a much darker form of evil .", 
        "label": 0
    }, 
    "822226408965623810": {
        "pred": 1, 
        "caption": "so we looked at the data ... we looked at the data , and what we found surprised us .", 
        "label": 0
    }, 
    "819692589687382017": {
        "pred": 1, 
        "caption": "an amazing frozen waterfalls in plitvice lakes national park , croatia today . epic shot by aleksandar gospi \u0107", 
        "label": 0
    }, 
    "696016995611975681": {
        "pred": 0, 
        "caption": "the type of people i like to hang out with # imasmartass # fitnfunny ", 
        "label": 1
    }, 
    "822225009716396032": {
        "pred": 1, 
        "caption": "live from the lincoln memorial # cryingjordan", 
        "label": 0
    }, 
    "819325209404506113": {
        "pred": 1, 
        "caption": "good writers are also good observers .", 
        "label": 0
    }, 
    "820781773722357760": {
        "pred": 1, 
        "caption": "afzal bhai a much aged worker of mqm arested by rangers an hour ago from surjani karachi karachi geting worst from leas <user> <user>", 
        "label": 0
    }, 
    "818603990917136384": {
        "pred": 1, 
        "caption": "we have the best listeners . thanks everyone . <user> <user> <user>", 
        "label": 0
    }, 
    "874088779853647872": {
        "pred": 0, 
        "caption": "seems like bethesda is doing another \" stand in line simulator \" event . my favorite ! # bethesdae3  \u2013 at los angeles center studios", 
        "label": 1
    }, 
    "847253835810709508": {
        "pred": 0, 
        "caption": "<user> this is the important top story for fox news at 9pm . ", 
        "label": 1
    }, 
    "830030205938913280": {
        "pred": 0, 
        "caption": "* does not apply if you travel around the world ", 
        "label": 1
    }, 
    "820781915917717505": {
        "pred": 1, 
        "caption": "\" you need a loan that 's hassle free \" me : island finance ! !", 
        "label": 0
    }, 
    "821507053965418496": {
        "pred": 1, 
        "caption": "proudly wearing my christmas elf socks to a meeting today # plansafoot <user>", 
        "label": 0
    }, 
    "818608268083863552": {
        "pred": 1, 
        "caption": "twitter 's still free ?", 
        "label": 0
    }, 
    "830233270164000768": {
        "pred": 0, 
        "caption": "good job , james dolan . kick out someone who 's the fabric of one of the best eras of # nyknicks basketball . # charlesoakley  # knicks", 
        "label": 1
    }, 
    "819694849985232896": {
        "pred": 1, 
        "caption": "great to get some time with the spring 2017 # twlohainterns today . i was glad to get the chance to swap stories .", 
        "label": 0
    }, 
    "819689318037995520": {
        "pred": 1, 
        "caption": "# cthulhucthursday for all those who don 't like pie , cthulhu can also rise out of a simple bowl of soup .", 
        "label": 0
    }, 
    "822226883601309696": {
        "pred": 1, 
        "caption": "trump at the # trumpinauguration", 
        "label": 0
    }, 
    "822591009372704768": {
        "pred": 1, 
        "caption": "just an observation , but maybe <user> should step up their game just a bit ... i totally respect the organic group 's hustle .", 
        "label": 0
    }, 
    "815985320088899584": {
        "pred": 0, 
        "caption": "stop bashing jed york ; he has worked hard to be in the position he is in . ", 
        "label": 1
    }, 
    "819329674861940737": {
        "pred": 1, 
        "caption": "cloudy outside , but my mood is not happy wednesday friends ! # wednesdaymotivation # wednesdaychill emoji_640", 
        "label": 0
    }, 
    "820417952260333568": {
        "pred": 1, 
        "caption": "gotta show my lil bro and sis some love ! ! <user>", 
        "label": 0
    }, 
    "820054163744641025": {
        "pred": 1, 
        "caption": ". <user> took more than $ 300k from # bigpharma . is that why he voted against affordable rx meds ? let 's ask him .. # pharma13 # friday13th", 
        "label": 0
    }, 
    "823309841959567362": {
        "pred": 1, 
        "caption": "guilty or not ... <user> is coming ! ! feb 15th ! ! # doubt", 
        "label": 0
    }, 
    "904812124555296768": {
        "pred": 0, 
        "caption": "22 of the funniest quotes you 'll read # quotes  # funnyquotes # funnysayings <user>", 
        "label": 1
    }, 
    "818608007005270016": {
        "pred": 1, 
        "caption": "think before you speak , listen before you act . <user> # leadfromwithin # quote", 
        "label": 0
    }, 
    "683295117847969793": {
        "pred": 0, 
        "caption": "the pa welcome center is hopping today . ", 
        "label": 1
    }, 
    "921278376085803008": {
        "pred": 0, 
        "caption": "day 18 ! ! ! # inktober2017 i love how i 'm drawing daily ; - ; ", 
        "label": 1
    }, 
    "819405173680242689": {
        "pred": 0, 
        "caption": "# mumbaitraffic is aaloo , fits anywhere # art35 fest tom bookmyshow / counter  # standupcomedy <user> <user> <user>", 
        "label": 1
    }, 
    "822230193083322368": {
        "pred": 1, 
        "caption": "woa .. i had no idea <user> synapse tracked your stats ! ! ! : o this is insane ! what are yours ! ? ?", 
        "label": 0
    }, 
    "820420186780016642": {
        "pred": 1, 
        "caption": "painted over another sketch from last year # illustration # fantasy # characterdesign", 
        "label": 0
    }, 
    "817518494417829889": {
        "pred": 1, 
        "caption": "damn meek smh emoji_590 emoji_170 emoji_423", 
        "label": 0
    }, 
    "835627007383764992": {
        "pred": 0, 
        "caption": "they really pack them in here at the thomas and mack . ", 
        "label": 1
    }, 
    "846593349939290112": {
        "pred": 0, 
        "caption": "# isro makes history , given side step . # vksasikala in jail gets # salute  # star theghantas # deservesaghanta \u2026", 
        "label": 1
    }, 
    "822952476517265408": {
        "pred": 1, 
        "caption": "don 't raise your voice , improve your argument . - desmond tutu # quote", 
        "label": 0
    }, 
    "820057165536882689": {
        "pred": 1, 
        "caption": "also in my notebook # yeswecan", 
        "label": 0
    }, 
    "818606156927135746": {
        "pred": 1, 
        "caption": "you sad little wanker . everyone saw exactly what you did mt <user> for the 100th time , i never \" mocked \" a disabled reporter", 
        "label": 0
    }, 
    "918662682089345025": {
        "pred": 0, 
        "caption": "this is me  # funny", 
        "label": 1
    }, 
    "846123180553068544": {
        "pred": 0, 
        "caption": "what happened to bball players wearing good ol fashioned high tops these days . crazy millennials . protect them ankles . ", 
        "label": 1
    }, 
    "818204225423503360": {
        "pred": 0, 
        "caption": "# plannedparenthood can help with that ovary explosion you just had .  # neverforget # paulryan", 
        "label": 1
    }, 
    "832958763510423552": {
        "pred": 0, 
        "caption": "inspiring quote for the day . ", 
        "label": 1
    }, 
    "820050443229347840": {
        "pred": 1, 
        "caption": "that friday feeling ...", 
        "label": 0
    }, 
    "915168200471572480": {
        "pred": 0, 
        "caption": "when you want yo hold bae 's hands but need to keep it as halaal as possible .  # achasorry", 
        "label": 1
    }, 
    "822986535339311105": {
        "pred": 0, 
        "caption": "when i think of orange juice , i think of # donaldduck !  emoji_2031 emoji_2033", 
        "label": 1
    }, 
    "823318569161256962": {
        "pred": 1, 
        "caption": "\" alternative facts \" .", 
        "label": 0
    }, 
    "822226559687757824": {
        "pred": 1, 
        "caption": "waiting for my basti .. # timythefinale", 
        "label": 0
    }, 
    "819688422788972545": {
        "pred": 1, 
        "caption": "not all heroes wear capes !", 
        "label": 0
    }, 
    "819330100915216384": {
        "pred": 1, 
        "caption": "any more questions ? <user> cartoon # tcot # lnyhbt # maga # draintheswamp # buildthewall via <user>", 
        "label": 0
    }, 
    "899495544128626688": {
        "pred": 0, 
        "caption": "in a shocking zombicide twist , everyone is going to die .  # thishappenseverytime # gamenight", 
        "label": 1
    }, 
    "819325018702286848": {
        "pred": 1, 
        "caption": "this is every old mans facebook profile picture and it 's always uploaded 9 times", 
        "label": 0
    }, 
    "818240388586700800": {
        "pred": 1, 
        "caption": ". <user> puerto rico needs the # hr260 to solve the status problem . # nomorecolony # congressmustact", 
        "label": 0
    }, 
    "820410238297702400": {
        "pred": 1, 
        "caption": "good things come to those who wait ... and wait ... and wait ... # curbyourenthusiasm # season9", 
        "label": 0
    }, 
    "822955272733949952": {
        "pred": 1, 
        "caption": "i am sure you have a treat for me ! # puppy # friends", 
        "label": 0
    }, 
    "867701304780402689": {
        "pred": 0, 
        "caption": "and  just died ... <user>", 
        "label": 1
    }, 
    "700019987419959296": {
        "pred": 0, 
        "caption": "i am so popular . jamy is my baby . i am single . always will .  # introvertproblems # funny # cancer # mock", 
        "label": 1
    }, 
    "921722988059295750": {
        "pred": 0, 
        "caption": "oh what a shame . ", 
        "label": 1
    }, 
    "716702861350993920": {
        "pred": 0, 
        "caption": "sitting at work , not working . just watching youtube and simultaneously dying of cramps # sundayfunday  emoji_36 emoji_113 emoji_559 emoji_21 emoji_34 emoji_332", 
        "label": 1
    }, 
    "702567925698338816": {
        "pred": 0, 
        "caption": "hard at \" not \" working in jesse hall with other grad students who may be employees  # iworkformizzou", 
        "label": 1
    }, 
    "723578719651147776": {
        "pred": 0, 
        "caption": "the beautiful view from our table <user>  # prisonlyfe # nandos", 
        "label": 1
    }, 
    "904053997216116736": {
        "pred": 0, 
        "caption": "the evil white man , which is the devil , forced the half-evil turk to outlaw slave trade . ", 
        "label": 1
    }, 
    "716011035115831296": {
        "pred": 0, 
        "caption": "will smith is the cause of all traffic in this city .  # celebrityciting", 
        "label": 1
    }, 
    "820412091081359360": {
        "pred": 1, 
        "caption": "# captainamerica as an orc ? heck yeah ! meet kaptain orc # wargaming # miniatures", 
        "label": 0
    }, 
    "861946619478110208": {
        "pred": 0, 
        "caption": "always remember , exposure can go both ways !  # art # artist # exposure", 
        "label": 1
    }, 
    "884120962748342272": {
        "pred": 0, 
        "caption": "lil dicky at summerfest ! ! ! ", 
        "label": 1
    }, 
    "819328538465562624": {
        "pred": 1, 
        "caption": ". <user> on his epic dab :", 
        "label": 0
    }, 
    "818605360932065280": {
        "pred": 1, 
        "caption": "wait no i love aviators but like i feel like they look weird on me . see attached .", 
        "label": 0
    }, 
    "715887235137212416": {
        "pred": 0, 
        "caption": " ... some don 't get it , some love it , some are offended ... just sayin ' it helps to know your audience ! ~ # dtn", 
        "label": 1
    }, 
    "822950042218668033": {
        "pred": 1, 
        "caption": "driving home after a tragic week & very rainy / sad day - i am reminded that we have a light of hope letting us know it is going to be ok ! # 22", 
        "label": 0
    }, 
    "913996985266462721": {
        "pred": 0, 
        "caption": "swim instructor fashion !  # whatnottowear # swimsuits # swimteacher # poolside # swimlessons # swimteacherlife # swimteacherprobs", 
        "label": 1
    }, 
    "911105397972336640": {
        "pred": 0, 
        "caption": "amazing deals on # amazonindia # amazon  . \u20b9 2 off , \u20b9 10 extra ... # amazonlightenindeals", 
        "label": 1
    }, 
    "816796252159537156": {
        "pred": 1, 
        "caption": "sometimes , people must climb to the top of 23,000 gallon fermenters to fix issues in the middle of winter . we call these people # heroes .", 
        "label": 0
    }, 
    "818239991088316416": {
        "pred": 1, 
        "caption": "accurate representation of how much i 've studied for semester exams :", 
        "label": 0
    }, 
    "702578148110680064": {
        "pred": 0, 
        "caption": "good one panda . ( insert  )", 
        "label": 1
    }, 
    "865079610601492480": {
        "pred": 0, 
        "caption": "it 's been such a long day , i almost typed # blacksox . remember those guys ? handsome fellas .... and ethical too .  # chicago # baseball", 
        "label": 1
    }, 
    "819328836483551235": {
        "pred": 1, 
        "caption": "when you thank me for how i am answering your prayers , your mind-set becomes much more positive . # jesuscalling", 
        "label": 0
    }, 
    "817158655581618176": {
        "pred": 1, 
        "caption": "that moment when <user> hands u a blunt as says \" hit that while i finish this tweet \" . # puffandfluff # cookies", 
        "label": 0
    }, 
    "726506255683039232": {
        "pred": 0, 
        "caption": " is just one more service we offer !", 
        "label": 1
    }, 
    "822591613969006596": {
        "pred": 1, 
        "caption": "expect heavy rain , roadway flooding along i - 10 , i - 45 ( gulf ) and 610 loop . avoid travel if you can . flood advisory in effect til 8: 45p # houwx", 
        "label": 0
    }, 
    "860293720352182273": {
        "pred": 0, 
        "caption": "today 's weather report is brought to you by # mentalhealthweek  emoji_2801", 
        "label": 1
    }
}