{
    "734072671940530176": {
        "pred": 0, 
        "label": 1, 
        "caption": "winter clearance at the pet store = new duds for elphie . # fashionista # sheclearlylovesthis "
    }, 
    "946524645032976385": {
        "pred": 0, 
        "label": 1, 
        "caption": "not misogyny tho . "
    }, 
    "855124796291600384": {
        "pred": 0, 
        "label": 1, 
        "caption": "well that 's one way to class up the joint ... ? [  ] # ugggh"
    }, 
    "685173919058407424": {
        "pred": 0, 
        "label": 1, 
        "caption": "snowy owl came too close to traffic camera and he is being ticketed for not reading the signs in # french "
    }, 
    "716702861350993920": {
        "pred": 0, 
        "label": 1, 
        "caption": "sitting at work , not working . just watching youtube and simultaneously dying of cramps # sundayfunday  emoji_36 emoji_113 emoji_559 emoji_21 emoji_34 emoji_332"
    }, 
    "858489003213017088": {
        "pred": 0, 
        "label": 1, 
        "caption": "i love this ! ! ! "
    }, 
    "872278451612377089": {
        "pred": 0, 
        "label": 1, 
        "caption": "# ltbu knew it all along ! "
    }, 
    "723578719651147776": {
        "pred": 0, 
        "label": 1, 
        "caption": "the beautiful view from our table <user>  # prisonlyfe # nandos"
    }, 
    "915168200471572480": {
        "pred": 0, 
        "label": 1, 
        "caption": "when you want yo hold bae 's hands but need to keep it as halaal as possible .  # achasorry"
    }, 
    "837603544895217665": {
        "pred": 0, 
        "label": 1, 
        "caption": "this is definitely me ! "
    }, 
    "830030205938913280": {
        "pred": 0, 
        "label": 1, 
        "caption": "* does not apply if you travel around the world "
    }, 
    "873360782548971521": {
        "pred": 0, 
        "label": 1, 
        "caption": " is an art . deal with it ."
    }, 
    "696008220578414596": {
        "pred": 0, 
        "label": 1, 
        "caption": "tweeting with stick fingers , stick hands and stick arms is a peice of cake ... really . "
    }, 
    "934826357296631808": {
        "pred": 0, 
        "label": 1, 
        "caption": "we love being out with our family ! ! !  # onlyhereiftheremightbepizza"
    }, 
    "911105397972336640": {
        "pred": 0, 
        "label": 1, 
        "caption": "amazing deals on # amazonindia # amazon  . \u20b9 2 off , \u20b9 10 extra ... # amazonlightenindeals"
    }, 
    "938424698551046144": {
        "pred": 0, 
        "label": 1, 
        "caption": "\" y \u2019 all \"  emoji_621 emoji_140"
    }, 
    "718614378883477504": {
        "pred": 0, 
        "label": 1, 
        "caption": "never ! "
    }, 
    "832958763510423552": {
        "pred": 0, 
        "label": 1, 
        "caption": "inspiring quote for the day . "
    }, 
    "837682838963109890": {
        "pred": 0, 
        "label": 1, 
        "caption": "it seems we are heading in the right direction - 1 . largest pop country 2 . largest muslim pop country "
    }, 
    "865079610601492480": {
        "pred": 0, 
        "label": 1, 
        "caption": "it 's been such a long day , i almost typed # blacksox . remember those guys ? handsome fellas .... and ethical too .  # chicago # baseball"
    }, 
    "693227436452945920": {
        "pred": 0, 
        "label": 1, 
        "caption": "yes ! the # earthisflat ! we fly on a turtle through space ! ! ! # pleasebelieveme ! "
    }, 
    "830103394714939392": {
        "pred": 0, 
        "label": 1, 
        "caption": "the beautiful los angeles river - why isn 't this a wonder of the world already ? "
    }, 
    "918550230546690048": {
        "pred": 0, 
        "label": 1, 
        "caption": "the house is coming along slowly . class really misses <user> homebuilding expertise ! ! "
    }, 
    "691321835141611527": {
        "pred": 0, 
        "label": 1, 
        "caption": "the amazing effort and artistry that goes into making a <user> burger "
    }, 
    "882647719776587776": {
        "pred": 0, 
        "label": 1, 
        "caption": "our ad michael definitely didn 't know i was taking this photo in our # edfringe work session in the pub earlier today ... "
    }, 
    "755115255114629124": {
        "pred": 0, 
        "label": 1, 
        "caption": "it looks like the # bodypositive types have found a home with # isis . "
    }, 
    "712979546828619776": {
        "pred": 0, 
        "label": 1, 
        "caption": "thank you mother nature . hoping we don 't lose any tree branches . "
    }, 
    "725111766426886144": {
        "pred": 0, 
        "label": 1, 
        "caption": "i live for messages like this ! "
    }, 
    "856922165928755203": {
        "pred": 0, 
        "label": 1, 
        "caption": "dear <user> your dagwood sandwich needs to be bigger !  # yuge"
    }, 
    "909433560712597504": {
        "pred": 0, 
        "label": 1, 
        "caption": "i know you just put this one up but ...... slaves ! take em all down <user> <user> <user> <user> <user>  \u2013 at battery park"
    }, 
    "702567925698338816": {
        "pred": 0, 
        "label": 1, 
        "caption": "hard at \" not \" working in jesse hall with other grad students who may be employees  # iworkformizzou"
    }, 
    "721349486790975488": {
        "pred": 0, 
        "label": 1, 
        "caption": "didn 't know that "
    }, 
    "825508391871184897": {
        "pred": 0, 
        "label": 1, 
        "caption": "smart man  <user>"
    }, 
    "871437724158480385": {
        "pred": 0, 
        "label": 1, 
        "caption": "<user> has selected <user> to be spokesthing for the british people ... # didnotseethatcoming [  ]"
    }, 
    "692304634870763521": {
        "pred": 0, 
        "label": 1, 
        "caption": "hahhaha  # itsanart"
    }, 
    "715633565334167552": {
        "pred": 0, 
        "label": 1, 
        "caption": "nothing like the virtual open sea  # wowselfie"
    }, 
    "860293720352182273": {
        "pred": 0, 
        "label": 1, 
        "caption": "today 's weather report is brought to you by # mentalhealthweek  emoji_2801"
    }, 
    "891992720838971392": {
        "pred": 0, 
        "label": 1, 
        "caption": "and our friends have arrived , likely to keep us safe ! thanks halifax police  # freethelabradorthree"
    }
}