{
    "818240532967079937": {
        "pred": 1, 
        "label": 0, 
        "caption": "regina king looks so good in this . swoon ."
    }, 
    "819687123125235713": {
        "pred": 1, 
        "label": 0, 
        "caption": "this the guy that didn 't come when his friends said \" be there or be square \""
    }, 
    "820054162180362241": {
        "pred": 1, 
        "label": 0, 
        "caption": "i dunno about that lip filler stuff # latelateshow"
    }, 
    "820048995099770880": {
        "pred": 1, 
        "label": 0, 
        "caption": "lmao rt <user> : these are 2 males rt <user> : dating black women vs dating white women emoji_19 emoji_19 emoji_19"
    }, 
    "819325018702286848": {
        "pred": 1, 
        "label": 0, 
        "caption": "this is every old mans facebook profile picture and it 's always uploaded 9 times"
    }, 
    "823314457887731712": {
        "pred": 1, 
        "label": 0, 
        "caption": "love this sign . put one on the back of every bus ! # roadsafety # bikesafety # cyclist"
    }, 
    "818237826760318976": {
        "pred": 1, 
        "label": 0, 
        "caption": "me : grandma come over grandma : cant i 'm too old me : my parents left me alone at the house with no food"
    }, 
    "823311332048896000": {
        "pred": 1, 
        "label": 0, 
        "caption": "oh my god plan a and starship are in the same building"
    }, 
    "823310097711583233": {
        "pred": 1, 
        "label": 0, 
        "caption": "this is one of the reasons that i can 't take this march seriously ."
    }, 
    "822956340528222209": {
        "pred": 1, 
        "label": 0, 
        "caption": "look at that silly smile in adalind 's face .. this ship is killing me ! ! # nadalind # nadalindkisses # grimm # grimmseason6 emoji_238 emoji_590"
    }, 
    "818244581762351104": {
        "pred": 1, 
        "label": 0, 
        "caption": "i really hope this # justiceleague scene is in slow motion . that 's how i imagine it anyway ."
    }, 
    "819328538465562624": {
        "pred": 1, 
        "label": 0, 
        "caption": ". <user> on his epic dab :"
    }, 
    "820410063768555520": {
        "pred": 1, 
        "label": 0, 
        "caption": "hey <user> - does it actually hurt being this ignorant and stupid ? # auspol via <user>"
    }, 
    "818605284537077772": {
        "pred": 1, 
        "label": 0, 
        "caption": "don 't matter what people say , i 'm beautiful for being who i am # iambeautifuleg"
    }, 
    "819688638766166018": {
        "pred": 1, 
        "label": 0, 
        "caption": "# naver main # dara # bom # cl # minzy # 2ne1 2170113 good bye . . . . . . . . .. . . # thankyou2ne1"
    }, 
    "817518494417829889": {
        "pred": 1, 
        "label": 0, 
        "caption": "damn meek smh emoji_590 emoji_170 emoji_423"
    }, 
    "821505383130800133": {
        "pred": 1, 
        "label": 0, 
        "caption": "fosters high ideals of friendship among women promotes educational and cultural interests # iamasororitywoman emoji_186 emoji_186"
    }, 
    "821504158696177664": {
        "pred": 1, 
        "label": 0, 
        "caption": "jesus ... this man makes trump look like a goddamn saint ."
    }, 
    "822950049655046145": {
        "pred": 1, 
        "label": 0, 
        "caption": ". <user> looks like he borrowed his dad 's coat to go to the homecoming dance ."
    }, 
    "818239390099116033": {
        "pred": 1, 
        "label": 0, 
        "caption": "these two # donkeys just made my day # cuteness # cutenosealert"
    }, 
    "822584826037436420": {
        "pred": 1, 
        "label": 0, 
        "caption": "i used to be young n pretty"
    }, 
    "820781915917717505": {
        "pred": 1, 
        "label": 0, 
        "caption": "\" you need a loan that 's hassle free \" me : island finance ! !"
    }, 
    "817518326855266304": {
        "pred": 1, 
        "label": 0, 
        "caption": "that 's how i like my men emoji_919 emoji_328"
    }, 
    "819692521697800192": {
        "pred": 1, 
        "label": 0, 
        "caption": "get the f * * * out then ."
    }, 
    "820057165536882689": {
        "pred": 1, 
        "label": 0, 
        "caption": "also in my notebook # yeswecan"
    }, 
    "822588505931059200": {
        "pred": 1, 
        "label": 0, 
        "caption": "omg mum . i should not have encouraged her to get snapchat"
    }, 
    "820050414620045312": {
        "pred": 1, 
        "label": 0, 
        "caption": "lmao why do i find this so funny"
    }, 
    "818606156927135746": {
        "pred": 1, 
        "label": 0, 
        "caption": "you sad little wanker . everyone saw exactly what you did mt <user> for the 100th time , i never \" mocked \" a disabled reporter"
    }, 
    "822592749870399492": {
        "pred": 1, 
        "label": 0, 
        "caption": "where the magic happens at # halocw . <user> # ugc50k"
    }, 
    "816796252159537156": {
        "pred": 1, 
        "label": 0, 
        "caption": "sometimes , people must climb to the top of 23,000 gallon fermenters to fix issues in the middle of winter . we call these people # heroes ."
    }, 
    "820415787349508096": {
        "pred": 1, 
        "label": 0, 
        "caption": "yesterday : turkey fights with terrorists holding dollars . today : turkey offers citizenship those holding $ 1 million & invest in turkey ."
    }, 
    "819687626798145536": {
        "pred": 1, 
        "label": 0, 
        "caption": "this the guy that didn 't come when his friends said \" be there or be square \""
    }, 
    "819693140131069954": {
        "pred": 1, 
        "label": 0, 
        "caption": "it would all go to waste if it weren 't for you . # sugakookie"
    }, 
    "819686546676838400": {
        "pred": 1, 
        "label": 0, 
        "caption": ". <user> , to cnn last night : no , the president-elect wasn 't briefed on russia allegations <user> , tonight : well actually"
    }, 
    "818241100318130177": {
        "pred": 1, 
        "label": 0, 
        "caption": "lmfao"
    }, 
    "819330100915216384": {
        "pred": 1, 
        "label": 0, 
        "caption": "any more questions ? <user> cartoon # tcot # lnyhbt # maga # draintheswamp # buildthewall via <user>"
    }, 
    "819694403870720004": {
        "pred": 1, 
        "label": 0, 
        "caption": "sad but true ... # theresistance # obamafarewell # trump"
    }, 
    "820412091081359360": {
        "pred": 1, 
        "label": 0, 
        "caption": "# captainamerica as an orc ? heck yeah ! meet kaptain orc # wargaming # miniatures"
    }, 
    "822226351268761601": {
        "pred": 1, 
        "label": 0, 
        "caption": "great example of how team # maga uses bots - how can you have 100 + rts / likes in 2min ? # theresistance # impeachtrump # inauguration # trumpleaks"
    }, 
    "819330641531727873": {
        "pred": 1, 
        "label": 0, 
        "caption": "another controversy ? duke 's grayson allen appears to pull out handgun while going after loose ball"
    }, 
    "819688404833091584": {
        "pred": 1, 
        "label": 0, 
        "caption": "dear california : what ? dear new york : seriously ?"
    }, 
    "822584628489912321": {
        "pred": 1, 
        "label": 0, 
        "caption": "when you think lincoln was a great guy that freed slaves cause it was right vs . when you know lincoln was capitalist racist trash"
    }, 
    "823314811522007040": {
        "pred": 1, 
        "label": 0, 
        "caption": "and where dangerous word is unknown"
    }, 
    "820409909778976768": {
        "pred": 1, 
        "label": 0, 
        "caption": "quite a photo . thames barrier doing its job & saving london streets from the north sea via <user> <user>"
    }, 
    "820052661680668676": {
        "pred": 1, 
        "label": 0, 
        "caption": "he 's taking this so seriously toolike he actually did something emoji_158 emoji_19"
    }, 
    "820781722505768961": {
        "pred": 1, 
        "label": 0, 
        "caption": "i am so proud to be a columnist at <user>"
    }, 
    "819330595146829824": {
        "pred": 1, 
        "label": 0, 
        "caption": "# tntweeters # uslatino # resist how dare donald trump 's own son travel 9 years back in time to release fake news about his father ? so sad ! )"
    }, 
    "819695185554771968": {
        "pred": 1, 
        "label": 0, 
        "caption": "yes i 'm aware that it 's blank mr . sampselle"
    }, 
    "819331557777403904": {
        "pred": 1, 
        "label": 0, 
        "caption": "ya girl is about to be fine af one last time for nitekap then i 'm going back into hiding ...."
    }, 
    "819689929018142720": {
        "pred": 1, 
        "label": 0, 
        "caption": "let 's be adventurers ! # saltlife"
    }, 
    "819685868478795781": {
        "pred": 1, 
        "label": 0, 
        "caption": "me : \" we should all value and respect each other 's opinions \" trump supporter : * blinks * me :"
    }, 
    "817517604868882432": {
        "pred": 1, 
        "label": 0, 
        "caption": "just a quick reminder of where are some of the best players going , because of the money ..."
    }, 
    "823309191003721728": {
        "pred": 1, 
        "label": 0, 
        "caption": "thank you <user> for the meme . perfect . # gbvsatl # cowboysnation <user> <user>"
    }, 
    "822949133203881984": {
        "pred": 1, 
        "label": 0, 
        "caption": "the wonga pigeon stayed perfectly still hoping i couldn \u2019 t see it . look at that watchful eye ! # nativepigeon # birding # wildoz"
    }, 
    "821504287469666305": {
        "pred": 1, 
        "label": 0, 
        "caption": "i 've been blocked by <user> ? now that 's amusing ."
    }, 
    "822226883601309696": {
        "pred": 1, 
        "label": 0, 
        "caption": "trump at the # trumpinauguration"
    }, 
    "822955217549344768": {
        "pred": 1, 
        "label": 0, 
        "caption": "# scarlettjohanson # madonna # ashleyjudd and the rest of # rich star liberals @ the # womensmarch explain exactly how you 've been held back !"
    }, 
    "822229394974384129": {
        "pred": 1, 
        "label": 0, 
        "caption": "# ireland - the best activities + where to eat + where to stay while visiting county galway with kids # familytravel # europe # traveltips # kids"
    }, 
    "820415727978979330": {
        "pred": 1, 
        "label": 0, 
        "caption": "get the popcorn ready ... tonight 's snl 's gonna be a good one ! ! ! # snl # theresistance # unpresidented # goldenshowers mypresident # maga"
    }, 
    "823315345117249540": {
        "pred": 1, 
        "label": 0, 
        "caption": "because <user> wasn 't there"
    }, 
    "822948645695844353": {
        "pred": 1, 
        "label": 0, 
        "caption": "that would make more sense"
    }, 
    "823318569161256962": {
        "pred": 1, 
        "label": 0, 
        "caption": "\" alternative facts \" ."
    }, 
    "822586053819240449": {
        "pred": 1, 
        "label": 0, 
        "caption": "i 'll be repping buffy at the # womensmarchonchicago tomorrow . <user> <user> <user>"
    }, 
    "823310708662222850": {
        "pred": 1, 
        "label": 0, 
        "caption": "mr trump will not need someone to babysit him full-time while he serves as \" president . \" # alternativefacts"
    }, 
    "822226869365907456": {
        "pred": 1, 
        "label": 0, 
        "caption": "<user> give <user> a run for his money"
    }, 
    "822588137503387649": {
        "pred": 1, 
        "label": 0, 
        "caption": "# obama's inauguration on the left in 2009 vs # trump's inauguration on the right ... compare the crowd , a huge difference ! # inauguration emoji_1345"
    }, 
    "819329674861940737": {
        "pred": 1, 
        "label": 0, 
        "caption": "cloudy outside , but my mood is not happy wednesday friends ! # wednesdaymotivation # wednesdaychill emoji_640"
    }, 
    "822228485422940160": {
        "pred": 1, 
        "label": 0, 
        "caption": "cnn 's \" balanced \" panel <user> <user> <user> # trumpinauguration emoji_1632"
    }, 
    "822947210451152897": {
        "pred": 1, 
        "label": 0, 
        "caption": "i looked good af today cmon emoji_377"
    }, 
    "820052841268187140": {
        "pred": 1, 
        "label": 0, 
        "caption": "you ever notice trump supporters love to just call us names . especially \" snowflake \" or \" snowflakes \" may i remind them . emoji_2361 emoji_2361 emoji_19 emoji_19 emoji_19"
    }, 
    "818245174958714880": {
        "pred": 1, 
        "label": 0, 
        "caption": "what a waste of a lovely night \u266a"
    }, 
    "822955272733949952": {
        "pred": 1, 
        "label": 0, 
        "caption": "i am sure you have a treat for me ! # puppy # friends"
    }, 
    "820050009727057921": {
        "pred": 1, 
        "label": 0, 
        "caption": "worthless , useless , poisonous humans , with no conscience or compassion , infest our planet .."
    }, 
    "818245875726249985": {
        "pred": 1, 
        "label": 0, 
        "caption": "it 's not easy to wake up after a few hours spent in a # hammock . # hardlife"
    }, 
    "819330118279696384": {
        "pred": 1, 
        "label": 0, 
        "caption": "dear oh dear oh dear . pride comes before a fall , right enough . <user>"
    }, 
    "822591009372704768": {
        "pred": 1, 
        "label": 0, 
        "caption": "just an observation , but maybe <user> should step up their game just a bit ... i totally respect the organic group 's hustle ."
    }, 
    "822225009716396032": {
        "pred": 1, 
        "label": 0, 
        "caption": "live from the lincoln memorial # cryingjordan"
    }, 
    "820052902379188224": {
        "pred": 1, 
        "label": 0, 
        "caption": "... a thorax like you wouldn 't believe frank . nice carl , sounds like one fine specimen <user> # pixel_dailies # pixelart # beetle"
    }, 
    "823310221342900225": {
        "pred": 1, 
        "label": 0, 
        "caption": "she dreams she can 't go into schools or multiple businesses . she dreams she can be sold at walmart . what a dream ... what a dream ....."
    }, 
    "822954933515382784": {
        "pred": 1, 
        "label": 0, 
        "caption": "there is a limit to the success of conservative populism and the exploration of \" little guy \" or \" silent majority \" rhetoric ... - # hitch"
    }, 
    "819689484849713152": {
        "pred": 1, 
        "label": 0, 
        "caption": ". <user> steve harvey 's head is so big , when he takes a selfie , it 's called a group photo ."
    }
}