{
    "685601583879598084": {
        "pred": 0, 
        "label": 1, 
        "caption": "do you suffer from this  related problem ? :)"
    }, 
    "730451262777524224": {
        "pred": 0, 
        "label": 1, 
        "caption": "yup .  # blackandwhite # lonely # depressed # sad # alone by life_of_the_unknown 1"
    }, 
    "842768786281418756": {
        "pred": 0, 
        "label": 1, 
        "caption": "# isro makes history , given side step . # vksasikala in jail gets # salute  # star theghantas # deservesaghanta \u2026"
    }, 
    "905162339036655616": {
        "pred": 0, 
        "label": 1, 
        "caption": "<user> i gotta say , beautiful conference center but i 'm disappointed my aircraft wasn 't greeted properly # wifiaccess #  survey "
    }, 
    "925034111747665920": {
        "pred": 0, 
        "label": 1, 
        "caption": "* shrugs * happy new week darlings # caffeine  # inappropriatethoughts # monday # officelife emoji_140"
    }, 
    "945778202315763712": {
        "pred": 0, 
        "label": 1, 
        "caption": "i missed this "
    }, 
    "855067937601974272": {
        "pred": 0, 
        "label": 1, 
        "caption": "two chin friend . . . # incrediblehumans  # meme # life # instagood # look # life # care # chin # twochins # twoface # fakefriends emoji_929"
    }, 
    "937441794303938562": {
        "pred": 0, 
        "label": 1, 
        "caption": "\" why am i crying in the club rn ? \" "
    }, 
    "892325153262239749": {
        "pred": 0, 
        "label": 1, 
        "caption": "accurate still . "
    }, 
    "692330929432432640": {
        "pred": 0, 
        "label": 1, 
        "caption": "available now ! link in the bio # photooftheday  # satire # funny # follow # follow4followback # fiu # au # aum #  s \u2026"
    }, 
    "736087928628084738": {
        "pred": 0, 
        "label": 1, 
        "caption": "damn straight ! # quotes # chocolate # weekend  # yvsome # questions # friday # online # socialmedia # food by yasmin \u2026"
    }, 
    "729987628028801024": {
        "pred": 0, 
        "label": 1, 
        "caption": "lunch time  emoji_19"
    }, 
    "899242438019215361": {
        "pred": 0, 
        "label": 1, 
        "caption": "welcome to brexit britain . cheers everybody . "
    }, 
    "834651156622213120": {
        "pred": 0, 
        "label": 1, 
        "caption": "# isro makes history , given side step . # vksasikala in jail gets # salute  # star theghantas # deservesaghanta \u2026"
    }, 
    "862485502141779968": {
        "pred": 0, 
        "label": 1, 
        "caption": "when your ex talking about loyalty . "
    }, 
    "691878605782171648": {
        "pred": 0, 
        "label": 1, 
        "caption": "this exchange is hilarious but goes to show how stupid people can be with  :"
    }, 
    "852999253349847046": {
        "pred": 0, 
        "label": 1, 
        "caption": "officially deleting my facebook ..  # reallywouldntmakemymanpay # whoruguy ?"
    }, 
    "724007134262902784": {
        "pred": 0, 
        "label": 1, 
        "caption": "got to see another impressive outing by sanchez today ... "
    }, 
    "706359669653045249": {
        "pred": 0, 
        "label": 1, 
        "caption": "two of these three people really enjoy being interviewed . "
    }, 
    "895235112354406403": {
        "pred": 0, 
        "label": 1, 
        "caption": "[ finally . a real solution .  ]"
    }, 
    "832465045921558529": {
        "pred": 0, 
        "label": 1, 
        "caption": "that would be us ! ! ! yaaaaasssss ! # andanotherthing  # wine # asakidiusedto emoji_2371 emoji_2373 emoji_2375 emoji_2377"
    }, 
    "797744788229365760": {
        "pred": 0, 
        "label": 1, 
        "caption": "this man is more funniest than <user> <user> ...  _us # funny # comedy # reality emoji_58"
    }, 
    "823010756836921344": {
        "pred": 0, 
        "label": 1, 
        "caption": "all hail the god emperor ...  # inauguration # inauguration2017 # donaldtrump mypotus # godemperor # goldenshowersbringtrumptowers"
    }, 
    "722111068311535616": {
        "pred": 0, 
        "label": 1, 
        "caption": "# irs is as \" fair & balanced \" as <user>  # taxday # rednationrising # tcot # ccot # pjnet emoji_184"
    }, 
    "921779205842657280": {
        "pred": 0, 
        "label": 1, 
        "caption": "salina central state qualifiers 2017 . sorry , but you have one more week of practice . "
    }, 
    "892038477742837762": {
        "pred": 0, 
        "label": 1, 
        "caption": "my dogs face looks like she just saw the best broadway show "
    }, 
    "732839122239377408": {
        "pred": 0, 
        "label": 1, 
        "caption": "freelance lyfe "
    }, 
    "865488370838851585": {
        "pred": 0, 
        "label": 1, 
        "caption": "i know few of them ; bloody as * holes ( askholes )  "
    }, 
    "875103880387805184": {
        "pred": 0, 
        "label": 1, 
        "caption": "i dont know the meaning of procrastination .  i really should start my cosplays . # residentevil # dinocrisis # oglove # saveme"
    }, 
    "823419841088458752": {
        "pred": 0, 
        "label": 1, 
        "caption": "it is "
    }, 
    "717042051074891776": {
        "pred": 0, 
        "label": 1, 
        "caption": "<user> supporting donald trump aka his role model "
    }, 
    "815444754204721152": {
        "pred": 0, 
        "label": 1, 
        "caption": "still me , this # happynewyear # sup2017 # soberthoughts # soberthoughtsph follow <user>  <user> emoji_2131"
    }, 
    "736082451424890881": {
        "pred": 0, 
        "label": 1, 
        "caption": "when it 's 2nd april and she is still pregnant ..  <user> emoji_19 emoji_19 emoji_19"
    }, 
    "725801399460745216": {
        "pred": 0, 
        "label": 1, 
        "caption": "<user> version of what # raindontcome  and <user> version of what # raindontcome means emoji_38 emoji_1858"
    }, 
    "877191575067127809": {
        "pred": 0, 
        "label": 1, 
        "caption": "how to build a team by phil jackson first and final step : try to trade your best players ( melo , kp ) and you got it ! # knicks # nba  emoji_4086 emoji_4086"
    }, 
    "852152823638880256": {
        "pred": 0, 
        "label": 1, 
        "caption": "you don 't say ... "
    }, 
    "724872310503657472": {
        "pred": 0, 
        "label": 1, 
        "caption": "^ musing | written by karuna gaikwad from mumbai on  | # musing # thesilenttalks"
    }, 
    "847145698965573632": {
        "pred": 0, 
        "label": 1, 
        "caption": "something for my epitaph  # 2ndlanguage # gonnagetmeintroubleoneofthesedays emoji_549"
    }, 
    "819405173680242689": {
        "pred": 0, 
        "label": 1, 
        "caption": "# mumbaitraffic is aaloo , fits anywhere # art35 fest tom bookmyshow / counter  # standupcomedy <user> <user> <user>"
    }, 
    "879496038687547392": {
        "pred": 0, 
        "label": 1, 
        "caption": "that line up though "
    }, 
    "696016995611975681": {
        "pred": 0, 
        "label": 1, 
        "caption": "the type of people i like to hang out with # imasmartass # fitnfunny "
    }, 
    "848178592383160320": {
        "pred": 0, 
        "label": 1, 
        "caption": "# stilesstilinski # human # friend # hero  # teenwolf ( credit to creator ) emoji_297"
    }, 
    "921278376085803008": {
        "pred": 0, 
        "label": 1, 
        "caption": "day 18 ! ! ! # inktober2017 i love how i 'm drawing daily ; - ; "
    }, 
    "683295117847969793": {
        "pred": 0, 
        "label": 1, 
        "caption": "the pa welcome center is hopping today . "
    }, 
    "908536139446755328": {
        "pred": 0, 
        "label": 1, 
        "caption": "hey <user> / <user> . you upgraded youtube with a new look . that i can 't view . on <user> . # greatwork "
    }, 
    "716011035115831296": {
        "pred": 0, 
        "label": 1, 
        "caption": "will smith is the cause of all traffic in this city .  # celebrityciting"
    }, 
    "827709119465394176": {
        "pred": 0, 
        "label": 1, 
        "caption": "# betsydevos # theresistance this amway billionaire is very qualified ! "
    }, 
    "874088779853647872": {
        "pred": 0, 
        "label": 1, 
        "caption": "seems like bethesda is doing another \" stand in line simulator \" event . my favorite ! # bethesdae3  \u2013 at los angeles center studios"
    }, 
    "710870841664409601": {
        "pred": 0, 
        "label": 1, 
        "caption": "no need to sugar the pill , lloyds bank . "
    }, 
    "847253835810709508": {
        "pred": 0, 
        "label": 1, 
        "caption": "<user> this is the important top story for fox news at 9pm . "
    }, 
    "870132473056829440": {
        "pred": 0, 
        "label": 1, 
        "caption": "there is no answer . it 's a # conundrum "
    }, 
    "827619548610310148": {
        "pred": 0, 
        "label": 1, 
        "caption": "follow wishful widows on facebook ... # divorce needs # inspiration and  ..."
    }, 
    "921594955138781184": {
        "pred": 0, 
        "label": 1, 
        "caption": "you just have to call her name if you are angry at her . "
    }, 
    "822815885761138692": {
        "pred": 0, 
        "label": 1, 
        "caption": "i always think the alt right speak for themselves so eloquently . they say \" i 'm gonna tell you i 'm this kinda person & proud . \" "
    }, 
    "819158842147803136": {
        "pred": 0, 
        "label": 1, 
        "caption": " my first language emoji_92"
    }, 
    "821997332346437632": {
        "pred": 0, 
        "label": 1, 
        "caption": "damn ! we lurveee our new logo . wait , not ours , sarawak fa 's . "
    }, 
    "715670001940697088": {
        "pred": 0, 
        "label": 1, 
        "caption": "lucky me ! two city cat journeys in one day "
    }, 
    "891904969950937088": {
        "pred": 0, 
        "label": 1, 
        "caption": "when people ask me - i answer ....... # actor # act # acting # actorslife  # secondlanguage # canthelpit # funny # loveit # losangeles emoji_517"
    }, 
    "822255713816715264": {
        "pred": 0, 
        "label": 1, 
        "caption": "little known fact , january 20th is penguin awareness day . and nothing else is happening tomorrow . nothing . via <user> & "
    }, 
    "830233270164000768": {
        "pred": 0, 
        "label": 1, 
        "caption": "good job , james dolan . kick out someone who 's the fabric of one of the best eras of # nyknicks basketball . # charlesoakley  # knicks"
    }, 
    "833942362183315456": {
        "pred": 0, 
        "label": 1, 
        "caption": "# isro makes history , given side step . # vksasikala in jail gets # salute  # star theghantas # deservesaghanta \u2026"
    }, 
    "871809735699214340": {
        "pred": 0, 
        "label": 1, 
        "caption": "hey <user> love the # siri improvements but if you really want to improve it , please help it to better understand my  # apple # wwdc17"
    }, 
    "694514029121949696": {
        "pred": 0, 
        "label": 1, 
        "caption": "pretty much ... # coffee # coffeeaddict "
    }, 
    "870411295366971393": {
        "pred": 0, 
        "label": 1, 
        "caption": "yo <user> thanks for the yearly fee reminder ! here 's to you !  tweet # planetfitness # hiddenfee # mrmet"
    }, 
    "939591306392821760": {
        "pred": 0, 
        "label": 1, 
        "caption": "\" get u a friend like this \" "
    }, 
    "851638105492910080": {
        "pred": 0, 
        "label": 1, 
        "caption": "you 're welcome . # friendshipgoals # laughter  # alcohol"
    }, 
    "823616855252336640": {
        "pred": 0, 
        "label": 1, 
        "caption": "but i don 't understand why women marched ....  <user>"
    }, 
    "815985320088899584": {
        "pred": 0, 
        "label": 1, 
        "caption": "stop bashing jed york ; he has worked hard to be in the position he is in . "
    }, 
    "685908290010742784": {
        "pred": 0, 
        "label": 1, 
        "caption": "if only old trafford had some sort of studio facility to keep pundits dry ! "
    }, 
    "881714256512778240": {
        "pred": 0, 
        "label": 1, 
        "caption": "it 's always a pleasure to drive by cowboys stadium "
    }, 
    "904812124555296768": {
        "pred": 0, 
        "label": 1, 
        "caption": "22 of the funniest quotes you 'll read # quotes  # funnyquotes # funnysayings <user>"
    }, 
    "768541128174006276": {
        "pred": 0, 
        "label": 1, 
        "caption": "see even chanakya knew it !  emoji_26"
    }, 
    "829713774055682048": {
        "pred": 0, 
        "label": 1, 
        "caption": "who likes being in the hospital for days , bc they were dehydrated , even though they drank a lot of water , but needed electrolytes ? "
    }, 
    "714738569219321860": {
        "pred": 0, 
        "label": 1, 
        "caption": "i have belly ache ....  # lovelayla # greetingscard # card # funny "
    }, 
    "711600744223391744": {
        "pred": 0, 
        "label": 1, 
        "caption": "my sister caught me at my happiest . i 'm such a little bundle of joy .  emoji_88"
    }, 
    "728938770842669058": {
        "pred": 0, 
        "label": 1, 
        "caption": "smart managing from lvg , after a game of us attacking all game we bring on schneiderlin ! "
    }, 
    "926589171606663169": {
        "pred": 0, 
        "label": 1, 
        "caption": "don 't drink and drive  # funny"
    }, 
    "879827272244396033": {
        "pred": 0, 
        "label": 1, 
        "caption": "the reason why are you blocked "
    }, 
    "827844035083698176": {
        "pred": 0, 
        "label": 1, 
        "caption": "dude .. how will you unlock the happiness by a wrong key ? rt if get this . "
    }, 
    "911642559033876481": {
        "pred": 0, 
        "label": 1, 
        "caption": "what is the world coming to ... ?  # lowestformofwit"
    }, 
    "910276317882527744": {
        "pred": 0, 
        "label": 1, 
        "caption": "i made this out of an old coffee table \u2026 # diy "
    }, 
    "826543404897165312": {
        "pred": 0, 
        "label": 1, 
        "caption": "what ! # betsydevos copied her work from a woc ? ! wow that 's shocking / so unusual , never happened before i 'm sure  # personalexperience emoji_204"
    }, 
    "752431172672626691": {
        "pred": 0, 
        "label": 1, 
        "caption": "me reflecting on the weekend . "
    }, 
    "939769831481516032": {
        "pred": 0, 
        "label": 1, 
        "caption": "chance of record missed under my captaincy - <user> # indvsl "
    }, 
    "725284784763711488": {
        "pred": 0, 
        "label": 1, 
        "caption": "best friend ever "
    }, 
    "861580977235255296": {
        "pred": 0, 
        "label": 1, 
        "caption": "this happens to me quite often ...  # truestory emoji_156"
    }, 
    "885475990138486785": {
        "pred": 0, 
        "label": 1, 
        "caption": "you better check yourself before you wreck . "
    }, 
    "938796305161351168": {
        "pred": 0, 
        "label": 1, 
        "caption": "did 'the simpsons ' predict that president trump ... "
    }, 
    "835627007383764992": {
        "pred": 0, 
        "label": 1, 
        "caption": "they really pack them in here at the thomas and mack . "
    }, 
    "846593349939290112": {
        "pred": 0, 
        "label": 1, 
        "caption": "# isro makes history , given side step . # vksasikala in jail gets # salute  # star theghantas # deservesaghanta \u2026"
    }, 
    "832381483566379009": {
        "pred": 0, 
        "label": 1, 
        "caption": "i missed this screen ! !  # pokemongo"
    }, 
    "902686058189611008": {
        "pred": 0, 
        "label": 1, 
        "caption": "it 's fair to say this has happened more than once .  # truestory"
    }, 
    "859056671179636737": {
        "pred": 0, 
        "label": 1, 
        "caption": "dump your furniture on the sidewalk & leave .  the city of # guelph will clean it up . # guelph # students # university of # guelph"
    }, 
    "907192702294511616": {
        "pred": 0, 
        "label": 1, 
        "caption": "news from the future : as refugees don 't want to leave # england , forced deportations have begun . ... let 's make the uk great again . "
    }, 
    "918662682089345025": {
        "pred": 0, 
        "label": 1, 
        "caption": "this is me  # funny"
    }, 
    "846123180553068544": {
        "pred": 0, 
        "label": 1, 
        "caption": "what happened to bball players wearing good ol fashioned high tops these days . crazy millennials . protect them ankles . "
    }, 
    "838007434463612929": {
        "pred": 0, 
        "label": 1, 
        "caption": "this would be our dream diet ! # silly  # relatable"
    }, 
    "818204225423503360": {
        "pred": 0, 
        "label": 1, 
        "caption": "# plannedparenthood can help with that ovary explosion you just had .  # neverforget # paulryan"
    }, 
    "916723908379860992": {
        "pred": 0, 
        "label": 1, 
        "caption": "lots of options ! # stilllaughing # mademesmile # madeyousmile # funny  # bumpersticker # bumperstickers # funnybumperstickers"
    }, 
    "856944063945355264": {
        "pred": 0, 
        "label": 1, 
        "caption": "this isn 't dangerous . going to teach my players to tackle like this at practice first thing tomorrow morning . "
    }, 
    "693217080062005249": {
        "pred": 0, 
        "label": 1, 
        "caption": "just a few schools here today !  # nhs4n6"
    }, 
    "702578148110680064": {
        "pred": 0, 
        "label": 1, 
        "caption": "good one panda . ( insert  )"
    }, 
    "927915605281386496": {
        "pred": 0, 
        "label": 1, 
        "caption": "independents rock ! so grateful that my commonwealth allows me to vote in a gen 'l election even tho i 'm not r or d .  <user>"
    }, 
    "822986535339311105": {
        "pred": 0, 
        "label": 1, 
        "caption": "when i think of orange juice , i think of # donaldduck !  emoji_2031 emoji_2033"
    }, 
    "916511907250552833": {
        "pred": 0, 
        "label": 1, 
        "caption": "because sometimes i just need to amuse myself . # bumpersticker # etsy  # funny # madeyoulaugh # mademelaugh"
    }, 
    "688016874370674695": {
        "pred": 0, 
        "label": 1, 
        "caption": "i love attitudes  emoji_218"
    }, 
    "937879622255030275": {
        "pred": 0, 
        "label": 1, 
        "caption": "\" appreciation tweet for rihanna \u2019 s cupid \u2019 s bow \"  emoji_4075"
    }, 
    "835958380879556608": {
        "pred": 0, 
        "label": 1, 
        "caption": "who radicalized senator tom cotton ? see the beard ! ! "
    }, 
    "899495544128626688": {
        "pred": 0, 
        "label": 1, 
        "caption": "in a shocking zombicide twist , everyone is going to die .  # thishappenseverytime # gamenight"
    }, 
    "861778185415008256": {
        "pred": 0, 
        "label": 1, 
        "caption": "this is going to age sooooooo well . "
    }, 
    "889833114674970625": {
        "pred": 0, 
        "label": 1, 
        "caption": "a smile is more than a mask . it is a strength ; a weapon against atrocities of the people and the world we live in . # smilecasm "
    }, 
    "889113302894166016": {
        "pred": 0, 
        "label": 1, 
        "caption": "and i call # iwin # iamwhoiam # wit "
    }, 
    "707741717881950209": {
        "pred": 0, 
        "label": 1, 
        "caption": "games look horrible on xb1 ...  # screenshot # lookslikeconceptart # lighting"
    }, 
    "883663535414300672": {
        "pred": 0, 
        "label": 1, 
        "caption": "the little dark spots along this field drive indicate that it rained here last night . whoo hoo ! ! ! !  # kearneycodrought17 continues"
    }, 
    "706289587212124160": {
        "pred": 0, 
        "label": 1, 
        "caption": "work tonight so many things to put away and so many kids running around and screaming fun ! - - "
    }, 
    "940264356675284993": {
        "pred": 0, 
        "label": 1, 
        "caption": "<user> thanks for the warning on all that extreme weather we 're having . "
    }, 
    "712810737811505153": {
        "pred": 0, 
        "label": 1, 
        "caption": "i could enter the olympics ! ;) rt <user> : "
    }, 
    "867701304780402689": {
        "pred": 0, 
        "label": 1, 
        "caption": "and  just died ... <user>"
    }, 
    "706657778140471298": {
        "pred": 0, 
        "label": 1, 
        "caption": "avril lavigne on being one of the best creative minds of our time .  emoji_19"
    }, 
    "693410085620461569": {
        "pred": 0, 
        "label": 1, 
        "caption": "great . we can 't wait to hunt the field for that later ... "
    }, 
    "700019987419959296": {
        "pred": 0, 
        "label": 1, 
        "caption": "i am so popular . jamy is my baby . i am single . always will .  # introvertproblems # funny # cancer # mock"
    }, 
    "819935492326047745": {
        "pred": 0, 
        "label": 1, 
        "caption": "the best shirt ever ! # theoneforme # iamsosarcastic  # iamfluentinsarcasm # toogoodtopassup # lovethisshirt # boom"
    }, 
    "921722988059295750": {
        "pred": 0, 
        "label": 1, 
        "caption": "oh what a shame . "
    }, 
    "823479162656657408": {
        "pred": 0, 
        "label": 1, 
        "caption": "<user> pres . buhari just released the following pix ! saying he is still alive . for nigerians , the nightmare is not yet over . "
    }, 
    "904053997216116736": {
        "pred": 0, 
        "label": 1, 
        "caption": "the evil white man , which is the devil , forced the half-evil turk to outlaw slave trade . "
    }, 
    "733777709655052288": {
        "pred": 0, 
        "label": 1, 
        "caption": "who sees themselves in their # children ? "
    }, 
    "939526417695481856": {
        "pred": 0, 
        "label": 1, 
        "caption": "evms hacked in gujarat elections "
    }, 
    "919674045276278789": {
        "pred": 0, 
        "label": 1, 
        "caption": "* gasp ! * chihiro is actually not a little brother , but a little sister ? ! i 'm so surprised !  # imoutosaeirebaii"
    }, 
    "692580725133045760": {
        "pred": 0, 
        "label": 1, 
        "caption": "i am great at  !"
    }, 
    "883786830646312960": {
        "pred": 0, 
        "label": 1, 
        "caption": "i think i may be the greatest fisherman who has ever lived . just look at the size of my largemouth bass . "
    }, 
    "721679848599633921": {
        "pred": 0, 
        "label": 1, 
        "caption": "\" excess is a word made up by poor people \" - rob , defending his liberal use of peanut butter on his waffles "
    }, 
    "884120962748342272": {
        "pred": 0, 
        "label": 1, 
        "caption": "lil dicky at summerfest ! ! ! "
    }, 
    "715887235137212416": {
        "pred": 0, 
        "label": 1, 
        "caption": " ... some don 't get it , some love it , some are offended ... just sayin ' it helps to know your audience ! ~ # dtn"
    }, 
    "913996985266462721": {
        "pred": 0, 
        "label": 1, 
        "caption": "swim instructor fashion !  # whatnottowear # swimsuits # swimteacher # poolside # swimlessons # swimteacherlife # swimteacherprobs"
    }, 
    "856978263993978881": {
        "pred": 0, 
        "label": 1, 
        "caption": "the birthday reality # happybirthday "
    }, 
    "828017788539301888": {
        "pred": 0, 
        "label": 1, 
        "caption": "we need more television shows starring guys with tattoos and unusual facial hair building cars that nobody will drive . "
    }, 
    "913433776931397633": {
        "pred": 0, 
        "label": 1, 
        "caption": "guys look ! it 's our next president ! and you thought trump was great , just wait to meet this guy . "
    }, 
    "907895635994607616": {
        "pred": 0, 
        "label": 1, 
        "caption": "our listeners like  . oh , * that 's * surprising emoji_156"
    }, 
    "817051619334311936": {
        "pred": 0, 
        "label": 1, 
        "caption": "every good brand strategy includes modal usage guidelines . "
    }, 
    "882067719184674816": {
        "pred": 0, 
        "label": 1, 
        "caption": "maria was complaining of murths ... - george sanders as benjamin ballon in a shot in the dark ...  :)"
    }, 
    "879753350799122432": {
        "pred": 0, 
        "label": 1, 
        "caption": "windy today . a rare thing across the <user> as of late .  emoji_156"
    }, 
    "700798029595435008": {
        "pred": 0, 
        "label": 1, 
        "caption": "amazon meet apple somewhere in the middle , get close to each other guys ; you are almost the same company "
    }, 
    "724226487931510784": {
        "pred": 0, 
        "label": 1, 
        "caption": "all these sunglasses but no shade  <user> emoji_843 emoji_843 emoji_843 emoji_843 emoji_843 emoji_843 emoji_843 emoji_843 emoji_843 emoji_843 emoji_843 emoji_843 emoji_843 emoji_843 emoji_843"
    }, 
    "819024412829683712": {
        "pred": 0, 
        "label": 1, 
        "caption": "exhale ! ! ! # obamafarewell  # tcot"
    }, 
    "715681844763566080": {
        "pred": 0, 
        "label": 1, 
        "caption": "motivation by  ? :)"
    }, 
    "816263460656992256": {
        "pred": 0, 
        "label": 1, 
        "caption": "well that was super helpful . thanks , <user> "
    }, 
    "921247351674687488": {
        "pred": 0, 
        "label": 1, 
        "caption": "go america .....  <user> <user> proud , honey ?"
    }, 
    "834633247443255301": {
        "pred": 0, 
        "label": 1, 
        "caption": "i feel this most of the times # friends # chandler "
    }, 
    "726506255683039232": {
        "pred": 0, 
        "label": 1, 
        "caption": " is just one more service we offer !"
    }, 
    "841528734964310016": {
        "pred": 0, 
        "label": 1, 
        "caption": "yup that is exactly where garbage goes .. on the floor where i can pick it up for you  # crewlife emoji_1351"
    }, 
    "787481394536648704": {
        "pred": 0, 
        "label": 1, 
        "caption": "g 'night .. off to nyc early in the am . oh , not sure if you 've heard , there 's a new tv show , # berlinstation # ep , # richardarmitage # su9pm "
    }, 
    "879279227492814848": {
        "pred": 0, 
        "label": 1, 
        "caption": "some suggestions for travelers . # travelwriting # travelpics # fun "
    }, 
    "832079046351667200": {
        "pred": 0, 
        "label": 1, 
        "caption": "it 's been a pretty good day ! despite all over overloaded  i managed a few smiles & made other people smile . i changed the world + 3"
    }, 
    "839856340755496960": {
        "pred": 0, 
        "label": 1, 
        "caption": "toronto women 's fashion week bound ! i don 't think i packed enough .  <user> <user> <user> <user>"
    }, 
    "832077099523567617": {
        "pred": 0, 
        "label": 1, 
        "caption": "i 'm definitely the latter .  # wine # fine emoji_2371"
    }, 
    "735081946548576256": {
        "pred": 0, 
        "label": 1, 
        "caption": "what happens when ur bf is busy playing dota "
    }, 
    "861946619478110208": {
        "pred": 0, 
        "label": 1, 
        "caption": "always remember , exposure can go both ways !  # art # artist # exposure"
    }, 
    "822828196714442753": {
        "pred": 0, 
        "label": 1, 
        "caption": "let 's end violence against women , except for women in the womb .  # hypocrisy # womensmarch # prolifeprowoman # lovethemboth # abortion"
    }, 
    "715638264795779072": {
        "pred": 0, 
        "label": 1, 
        "caption": "waaaaaaay too much . # iamwhoiam # justsayin # canyouhandleit # icantakeit # keeplifefun # jokearound  # smartassism"
    }, 
    "816740210822303763": {
        "pred": 0, 
        "label": 1, 
        "caption": "follow to see what 's coming w / this new apparel brand that will say exactly what you 're thinking  # iseestupidpeople # tellitlikeitis"
    }, 
    "736022497783652352": {
        "pred": 0, 
        "label": 1, 
        "caption": "when guys are dumbasses but you told yourself you would try to be nicer .  emoji_36"
    }, 
    "683363557321388032": {
        "pred": 0, 
        "label": 1, 
        "caption": "feeding my abs nothing but the best quality beef "
    }, 
    "703371915344404480": {
        "pred": 0, 
        "label": 1, 
        "caption": "just a typical friday night , filming for gtn showcase . life and times of a superstar .  # bluetheshopdog # gtn"
    }, 
    "828652835915124736": {
        "pred": 0, 
        "label": 1, 
        "caption": "i think we have all been there # awkward  # tv # theoffice credit : <user> <user>"
    }
}