{
    "819686796141481984": {
        "caption": "<user> <user> my second shirt with the blissinator arrived today ! # merryblissmass , # blissinator", 
        "prediction": "1", 
        "label": 0
    }, 
    "818605187451547648": {
        "caption": "gentlemen , lovers of # dapper .... who wants one ? # thebelfasttailor", 
        "prediction": "1", 
        "label": 0
    }, 
    "818241503067770882": {
        "caption": "its almost monday so that means its almost hwarang time", 
        "prediction": "1", 
        "label": 0
    }, 
    "822949510540361728": {
        "caption": "it 's finally thunder storming u kno what that means", 
        "prediction": "1", 
        "label": 0
    }, 
    "822953263058321408": {
        "caption": "# 15a\u00f1osescondidos complicidad", 
        "prediction": "1", 
        "label": 0
    }, 
    "822226893164384257": {
        "caption": "the best way to relax after a long day", 
        "prediction": "1", 
        "label": 0
    }, 
    "818237984281661440": {
        "caption": "i don 't think he likes it ...", 
        "prediction": "1", 
        "label": 0
    }, 
    "820052822859350017": {
        "caption": "no one can # motivate you - if you are not willing to do it for yourself # smallbiz # entrepreneur # startup # hustle", 
        "prediction": "1", 
        "label": 0
    }, 
    "817516483064504321": {
        "caption": "sheesh , gotta love ok", 
        "prediction": "1", 
        "label": 0
    }, 
    "818604386742050816": {
        "caption": "who knew i could take selfies without using a snapchat filter", 
        "prediction": "1", 
        "label": 0
    }, 
    "818243628023816192": {
        "caption": "i couldn 't resist ! ! ! # loadsoffun <user> <user> <user> <user> <user>", 
        "prediction": "1", 
        "label": 0
    }, 
    "820052872423305216": {
        "caption": "* record scratch * * freeze frame * yup , that 's me . you 're probably wondering how i ended up in this situation .", 
        "prediction": "1", 
        "label": 0
    }, 
    "819327200654663681": {
        "caption": "last yr we walked several holes with <user> , cloobeck from <user> & <user> . excited for friday ! it 's # fh4kids # drigolf", 
        "prediction": "1", 
        "label": 0
    }, 
    "820419827454119937": {
        "caption": "nice souvenir for leafs fan scott and his dad john ! # tmltalk", 
        "prediction": "1", 
        "label": 0
    }, 
    "820056579235905536": {
        "caption": "you know you 've lived in california too long when this sandwich sounds delicious to you .", 
        "prediction": "1", 
        "label": 0
    }, 
    "823313994572333058": {
        "caption": "<user> my son drew a picture you might like ... i really like the belt .", 
        "prediction": "1", 
        "label": 0
    }, 
    "822956416713494533": {
        "caption": "left my sign in the hands of lincoln . he totally would have been with her .", 
        "prediction": "1", 
        "label": 0
    }, 
    "820057591837560832": {
        "caption": "i 'm at they neck ain 't no lettin up emoji_82", 
        "prediction": "1", 
        "label": 0
    }, 
    "819324985642663936": {
        "caption": "\" of course the article is fake . we posted it on buzzfeed . not buzzfeed news . 2 different things \"", 
        "prediction": "1", 
        "label": 0
    }, 
    "819330089909415937": {
        "caption": "the view from here . and from here , on this beautiful bridge in this wonderful city , it does feel as if it 's all going to turn out all right .", 
        "prediction": "1", 
        "label": 0
    }, 
    "819323276249993216": {
        "caption": "<user> dm me pls # formeplusyouonspotify emoji_623", 
        "prediction": "1", 
        "label": 0
    }
}