{
    "685601583879598084": {
        "caption": "do you suffer from this  related problem ? :)", 
        "prediction": "1", 
        "label": 0
    }, 
    "687339121505734656": {
        "caption": "how does this person know i 'm full of it ? only people who 've met me know that . ", 
        "prediction": "0", 
        "label": 1
    }, 
    "819687123125235713": {
        "caption": "this the guy that didn 't come when his friends said \" be there or be square \"", 
        "prediction": "0", 
        "label": 1
    }, 
    "891857837051301890": {
        "caption": "yep . we 're the classless ones ", 
        "prediction": "0", 
        "label": 1
    }, 
    "945778202315763712": {
        "caption": "i missed this ", 
        "prediction": "0", 
        "label": 1
    }, 
    "709126873645711360": {
        "caption": "there 's nothing better than doing homework with a ten year old on a sunday night .. # sloth # rainforest ", 
        "prediction": "0", 
        "label": 1
    }, 
    "937441794303938562": {
        "caption": "\" why am i crying in the club rn ? \" ", 
        "prediction": "0", 
        "label": 1
    }, 
    "873511193905856513": {
        "caption": "if lays started making beer  # lays # beer", 
        "prediction": "0", 
        "label": 1
    }, 
    "828362636513464321": {
        "caption": "massive day for nhl dfs . ", 
        "prediction": "0", 
        "label": 1
    }, 
    "818239390099116033": {
        "caption": "these two # donkeys just made my day # cuteness # cutenosealert", 
        "prediction": "1", 
        "label": 0
    }, 
    "819692521697800192": {
        "caption": "get the f * * * out then .", 
        "prediction": "0", 
        "label": 1
    }, 
    "819687626798145536": {
        "caption": "this the guy that didn 't come when his friends said \" be there or be square \"", 
        "prediction": "0", 
        "label": 1
    }, 
    "819686546676838400": {
        "caption": ". <user> , to cnn last night : no , the president-elect wasn 't briefed on russia allegations <user> , tonight : well actually", 
        "prediction": "0", 
        "label": 1
    }, 
    "840367947851943936": {
        "caption": "<user> <user> tails never fails ", 
        "prediction": "0", 
        "label": 1
    }, 
    "900218985140113409": {
        "caption": "hey # nintendo just a + job on match pairing , thank u so much for letting me play ur amazing game die & respawn simulator # splatoon2 ", 
        "prediction": "0", 
        "label": 1
    }, 
    "838258483115913217": {
        "caption": "lmao ! - pctto ", 
        "prediction": "0", 
        "label": 1
    }, 
    "695371336038756352": {
        "caption": "thanks , usps ! ", 
        "prediction": "0", 
        "label": 1
    }, 
    "819331557777403904": {
        "caption": "ya girl is about to be fine af one last time for nitekap then i 'm going back into hiding ....", 
        "prediction": "0", 
        "label": 1
    }, 
    "875103880387805184": {
        "caption": "i dont know the meaning of procrastination .  i really should start my cosplays . # residentevil # dinocrisis # oglove # saveme", 
        "prediction": "1", 
        "label": 0
    }, 
    "717042051074891776": {
        "caption": "<user> supporting donald trump aka his role model ", 
        "prediction": "0", 
        "label": 1
    }, 
    "842768786281418756": {
        "caption": "# isro makes history , given side step . # vksasikala in jail gets # salute  # star theghantas # deservesaghanta \u2026", 
        "prediction": "1", 
        "label": 0
    }, 
    "887806971314749440": {
        "caption": "why would anyone go to the oncologist office when you can cure cancer by going vegan , or just get rid of it w / juice detoxes ? duh . ", 
        "prediction": "0", 
        "label": 1
    }, 
    "852152823638880256": {
        "caption": "you don 't say ... ", 
        "prediction": "0", 
        "label": 1
    }, 
    "822953263058321408": {
        "caption": "# 15a\u00f1osescondidos complicidad", 
        "prediction": "1", 
        "label": 0
    }, 
    "818245174958714880": {
        "caption": "what a waste of a lovely night \u266a", 
        "prediction": "1", 
        "label": 0
    }, 
    "928872445695553536": {
        "caption": "the vision vancouver bike lanes are so crowded with cyclists ( \" how crowded are they ? ! ? \" ) , they 're so crowded that vision vancouver wants skateboarders to use them . # vanpoli ", 
        "prediction": "0", 
        "label": 1
    }, 
    "934302504057167872": {
        "caption": "i deal with break ups like i deal with everything else , ", 
        "prediction": "0", 
        "label": 1
    }, 
    "870132473056829440": {
        "caption": "there is no answer . it 's a # conundrum ", 
        "prediction": "1", 
        "label": 0
    }, 
    "821997332346437632": {
        "caption": "damn ! we lurveee our new logo . wait , not ours , sarawak fa 's . ", 
        "prediction": "0", 
        "label": 1
    }, 
    "831431118016622593": {
        "caption": "shout out to all couples out there .. hehehe . . ", 
        "prediction": "0", 
        "label": 1
    }, 
    "904098404799827968": {
        "caption": "i may mom my staff too much .... # drivesafely  is in the house <user>", 
        "prediction": "0", 
        "label": 1
    }, 
    "891904969950937088": {
        "caption": "when people ask me - i answer ....... # actor # act # acting # actorslife  # secondlanguage # canthelpit # funny # loveit # losangeles emoji_517", 
        "prediction": "1", 
        "label": 0
    }, 
    "820052661680668676": {
        "caption": "he 's taking this so seriously toolike he actually did something emoji_158 emoji_19", 
        "prediction": "0", 
        "label": 1
    }, 
    "819695185554771968": {
        "caption": "yes i 'm aware that it 's blank mr . sampselle", 
        "prediction": "1", 
        "label": 0
    }, 
    "907358116567814145": {
        "caption": "i propose we all have long , loud conversations on our phones while riding the t . no one will mind !  # sharingspace # mbta <user>", 
        "prediction": "0", 
        "label": 1
    }, 
    "833942362183315456": {
        "caption": "# isro makes history , given side step . # vksasikala in jail gets # salute  # star theghantas # deservesaghanta \u2026", 
        "prediction": "1", 
        "label": 0
    }, 
    "819324985642663936": {
        "caption": "\" of course the article is fake . we posted it on buzzfeed . not buzzfeed news . 2 different things \"", 
        "prediction": "1", 
        "label": 0
    }, 
    "696097163537948672": {
        "caption": "this # work  emoji_1564", 
        "prediction": "0", 
        "label": 1
    }, 
    "882363765655834624": {
        "caption": "a brilliant move by the <user> front office to move shaw ", 
        "prediction": "0", 
        "label": 1
    }, 
    "822588137503387649": {
        "caption": "# obama's inauguration on the left in 2009 vs # trump's inauguration on the right ... compare the crowd , a huge difference ! # inauguration emoji_1345", 
        "prediction": "0", 
        "label": 1
    }, 
    "685908290010742784": {
        "caption": "if only old trafford had some sort of studio facility to keep pundits dry ! ", 
        "prediction": "0", 
        "label": 1
    }, 
    "881714256512778240": {
        "caption": "it 's always a pleasure to drive by cowboys stadium ", 
        "prediction": "0", 
        "label": 1
    }, 
    "822592749870399492": {
        "caption": "where the magic happens at # halocw . <user> # ugc50k", 
        "prediction": "1", 
        "label": 0
    }, 
    "820054162180362241": {
        "caption": "i dunno about that lip filler stuff # latelateshow", 
        "prediction": "1", 
        "label": 0
    }, 
    "801201407164416000": {
        "caption": "'tis the season for giving and i think i found exactly what everyone on my list wants . ", 
        "prediction": "0", 
        "label": 1
    }, 
    "911642559033876481": {
        "caption": "what is the world coming to ... ?  # lowestformofwit", 
        "prediction": "1", 
        "label": 0
    }, 
    "910276317882527744": {
        "caption": "i made this out of an old coffee table \u2026 # diy ", 
        "prediction": "1", 
        "label": 0
    }, 
    "827709119465394176": {
        "caption": "# betsydevos # theresistance this amway billionaire is very qualified ! ", 
        "prediction": "0", 
        "label": 1
    }, 
    "684922233274380288": {
        "caption": "when preparing a presentation , giant fonts never lie . doesn 't matter what it says just make the font huge . ", 
        "prediction": "0", 
        "label": 1
    }, 
    "819323276249993216": {
        "caption": "<user> dm me pls # formeplusyouonspotify emoji_623", 
        "prediction": "1", 
        "label": 0
    }, 
    "861580977235255296": {
        "caption": "this happens to me quite often ...  # truestory emoji_156", 
        "prediction": "1", 
        "label": 0
    }, 
    "873243814705721345": {
        "caption": "well i 'm going to live forever ! ", 
        "prediction": "0", 
        "label": 1
    }, 
    "823314457887731712": {
        "caption": "love this sign . put one on the back of every bus ! # roadsafety # bikesafety # cyclist", 
        "prediction": "1", 
        "label": 0
    }, 
    "902686058189611008": {
        "caption": "it 's fair to say this has happened more than once .  # truestory", 
        "prediction": "1", 
        "label": 0
    }, 
    "938796305161351168": {
        "caption": "did 'the simpsons ' predict that president trump ... ", 
        "prediction": "0", 
        "label": 1
    }, 
    "891742847581302785": {
        "caption": "the job creator . ", 
        "prediction": "0", 
        "label": 1
    }, 
    "819688404833091584": {
        "caption": "dear california : what ? dear new york : seriously ?", 
        "prediction": "1", 
        "label": 0
    }, 
    "907192702294511616": {
        "caption": "news from the future : as refugees don 't want to leave # england , forced deportations have begun . ... let 's make the uk great again . ", 
        "prediction": "0", 
        "label": 1
    }, 
    "838007434463612929": {
        "caption": "this would be our dream diet ! # silly  # relatable", 
        "prediction": "1", 
        "label": 0
    }, 
    "725302803070095360": {
        "caption": "hi there <user> , i don 't believe this room is large enough for one on one podcasts . # dominion ", 
        "prediction": "0", 
        "label": 1
    }, 
    "856944063945355264": {
        "caption": "this isn 't dangerous . going to teach my players to tackle like this at practice first thing tomorrow morning . ", 
        "prediction": "0", 
        "label": 1
    }, 
    "725395755855278081": {
        "caption": " # wednesdaywisdom why love one and abuse the other ?", 
        "prediction": "0", 
        "label": 1
    }, 
    "927915605281386496": {
        "caption": "independents rock ! so grateful that my commonwealth allows me to vote in a gen 'l election even tho i 'm not r or d .  <user>", 
        "prediction": "0", 
        "label": 1
    }, 
    "916511907250552833": {
        "caption": "because sometimes i just need to amuse myself . # bumpersticker # etsy  # funny # madeyoulaugh # mademelaugh", 
        "prediction": "1", 
        "label": 0
    }, 
    "726501055488471040": {
        "caption": "thanks for the generous offers to go to the off licence folks !  anyway had to go myself . hope these are nice", 
        "prediction": "0", 
        "label": 1
    }, 
    "717888234064322560": {
        "caption": "when it 's snow storming in # sudbury & boredom sets in ... # bigsmile  # deliriumhassetin # bedtime emoji_1067", 
        "prediction": "0", 
        "label": 1
    }, 
    "862485502141779968": {
        "caption": "when your ex talking about loyalty . ", 
        "prediction": "0", 
        "label": 1
    }, 
    "818237984281661440": {
        "caption": "i don 't think he likes it ...", 
        "prediction": "1", 
        "label": 0
    }, 
    "829119673719414784": {
        "caption": "# newvettingquestions do you promise to assimilate so help you god ? ", 
        "prediction": "0", 
        "label": 1
    }, 
    "861778185415008256": {
        "caption": "this is going to age sooooooo well . ", 
        "prediction": "0", 
        "label": 1
    }, 
    "889833114674970625": {
        "caption": "a smile is more than a mask . it is a strength ; a weapon against atrocities of the people and the world we live in . # smilecasm ", 
        "prediction": "0", 
        "label": 1
    }, 
    "851483143555215360": {
        "caption": "it takes so little now a days to be considered a nerd .. ", 
        "prediction": "0", 
        "label": 1
    }, 
    "883663535414300672": {
        "caption": "the little dark spots along this field drive indicate that it rained here last night . whoo hoo ! ! ! !  # kearneycodrought17 continues", 
        "prediction": "0", 
        "label": 1
    }, 
    "926433400717824000": {
        "caption": "buy now enough by danielle norman . # romcom # romance # motorcycles # friendship  \u27a4 purchase today amazon universal : ... emoji_2752 emoji_2752", 
        "prediction": "0", 
        "label": 1
    }, 
    "715310141998899200": {
        "caption": "sure , harry , just wing it .  if this is true , what the heck man ? emoji_88", 
        "prediction": "0", 
        "label": 1
    }, 
    "722111068311535616": {
        "caption": "# irs is as \" fair & balanced \" as <user>  # taxday # rednationrising # tcot # ccot # pjnet emoji_184", 
        "prediction": "0", 
        "label": 1
    }, 
    "733777709655052288": {
        "caption": "who sees themselves in their # children ? ", 
        "prediction": "1", 
        "label": 0
    }, 
    "828017788539301888": {
        "caption": "we need more television shows starring guys with tattoos and unusual facial hair building cars that nobody will drive . ", 
        "prediction": "0", 
        "label": 1
    }, 
    "836354513799901184": {
        "caption": "do you know what we need ? a bigger military . have some pie ", 
        "prediction": "0", 
        "label": 1
    }, 
    "919674045276278789": {
        "caption": "* gasp ! * chihiro is actually not a little brother , but a little sister ? ! i 'm so surprised !  # imoutosaeirebaii", 
        "prediction": "1", 
        "label": 0
    }, 
    "834989244007378944": {
        "caption": "abc 5 : best tv station ever .  <user>", 
        "prediction": "0", 
        "label": 1
    }, 
    "721679848599633921": {
        "caption": "\" excess is a word made up by poor people \" - rob , defending his liberal use of peanut butter on his waffles ", 
        "prediction": "0", 
        "label": 1
    }, 
    "909025478672998400": {
        "caption": "at least <user> doesnt fear a con artist who 4years laundered russian $ thru german banks then used the $ to hijack the <user> ", 
        "prediction": "0", 
        "label": 1
    }, 
    "797744788229365760": {
        "caption": "this man is more funniest than <user> <user> ...  _us # funny # comedy # reality emoji_58", 
        "prediction": "1", 
        "label": 0
    }, 
    "907895635994607616": {
        "caption": "our listeners like  . oh , * that 's * surprising emoji_156", 
        "prediction": "1", 
        "label": 0
    }, 
    "879753350799122432": {
        "caption": "windy today . a rare thing across the <user> as of late .  emoji_156", 
        "prediction": "1", 
        "label": 0
    }, 
    "700798029595435008": {
        "caption": "amazon meet apple somewhere in the middle , get close to each other guys ; you are almost the same company ", 
        "prediction": "0", 
        "label": 1
    }, 
    "898020546503360512": {
        "caption": "copied from # pardaa ", 
        "prediction": "0", 
        "label": 1
    }, 
    "886767530328588288": {
        "caption": "doctors prescribe weed to patients . we should probably trust untrained politicians that have never tried nor researched weed tho ", 
        "prediction": "0", 
        "label": 1
    }, 
    "819024412829683712": {
        "caption": "exhale ! ! ! # obamafarewell  # tcot", 
        "prediction": "0", 
        "label": 1
    }, 
    "752250366184620032": {
        "caption": "pokemon go is amazing . ", 
        "prediction": "0", 
        "label": 1
    }, 
    "694514029121949696": {
        "caption": "pretty much ... # coffee # coffeeaddict ", 
        "prediction": "1", 
        "label": 0
    }, 
    "851638105492910080": {
        "caption": "you 're welcome . # friendshipgoals # laughter  # alcohol", 
        "prediction": "1", 
        "label": 0
    }, 
    "921247351674687488": {
        "caption": "go america .....  <user> <user> proud , honey ?", 
        "prediction": "0", 
        "label": 1
    }, 
    "801692345905258496": {
        "caption": "i 'll continue to thank those who didn 't vote . ", 
        "prediction": "0", 
        "label": 1
    }, 
    "819685868478795781": {
        "caption": "me : \" we should all value and respect each other 's opinions \" trump supporter : * blinks * me :", 
        "prediction": "0", 
        "label": 1
    }, 
    "822955217549344768": {
        "caption": "# scarlettjohanson # madonna # ashleyjudd and the rest of # rich star liberals @ the # womensmarch explain exactly how you 've been held back !", 
        "prediction": "0", 
        "label": 1
    }, 
    "883524815612772352": {
        "caption": "meanwhile in my mind - get me some weed to smoke , this time i will control . ", 
        "prediction": "0", 
        "label": 1
    }, 
    "823310708662222850": {
        "caption": "mr trump will not need someone to babysit him full-time while he serves as \" president . \" # alternativefacts", 
        "prediction": "0", 
        "label": 1
    }, 
    "820050009727057921": {
        "caption": "worthless , useless , poisonous humans , with no conscience or compassion , infest our planet ..", 
        "prediction": "0", 
        "label": 1
    }, 
    "816740210822303763": {
        "caption": "follow to see what 's coming w / this new apparel brand that will say exactly what you 're thinking  # iseestupidpeople # tellitlikeitis", 
        "prediction": "1", 
        "label": 0
    }, 
    "820052902379188224": {
        "caption": "... a thorax like you wouldn 't believe frank . nice carl , sounds like one fine specimen <user> # pixel_dailies # pixelart # beetle", 
        "prediction": "1", 
        "label": 0
    }, 
    "726847431854313472": {
        "caption": "i 'm pretty sure this cookie cake isn 't big enough . ", 
        "prediction": "0", 
        "label": 1
    }, 
    "905162339036655616": {
        "caption": "<user> i gotta say , beautiful conference center but i 'm disappointed my aircraft wasn 't greeted properly # wifiaccess #  survey ", 
        "prediction": "1", 
        "label": 0
    }, 
    "855067937601974272": {
        "caption": "two chin friend . . . # incrediblehumans  # meme # life # instagood # look # life # care # chin # twochins # twoface # fakefriends emoji_929", 
        "prediction": "1", 
        "label": 0
    }, 
    "725801399460745216": {
        "caption": "<user> version of what # raindontcome  and <user> version of what # raindontcome means emoji_38 emoji_1858", 
        "prediction": "0", 
        "label": 1
    }, 
    "896700873983840256": {
        "caption": "i can 't believe the people running twitters news feeds quoted the wrong ken rosenthal  # 74followers", 
        "prediction": "0", 
        "label": 1
    }, 
    "692330929432432640": {
        "caption": "available now ! link in the bio # photooftheday  # satire # funny # follow # follow4followback # fiu # au # aum #  s \u2026", 
        "prediction": "1", 
        "label": 0
    }, 
    "736087928628084738": {
        "caption": "damn straight ! # quotes # chocolate # weekend  # yvsome # questions # friday # online # socialmedia # food by yasmin \u2026", 
        "prediction": "1", 
        "label": 0
    }, 
    "729987628028801024": {
        "caption": "lunch time  emoji_19", 
        "prediction": "0", 
        "label": 1
    }, 
    "818605284537077772": {
        "caption": "don 't matter what people say , i 'm beautiful for being who i am # iambeautifuleg", 
        "prediction": "1", 
        "label": 0
    }, 
    "822584826037436420": {
        "caption": "i used to be young n pretty", 
        "prediction": "0", 
        "label": 1
    }, 
    "822588505931059200": {
        "caption": "omg mum . i should not have encouraged her to get snapchat", 
        "prediction": "1", 
        "label": 0
    }, 
    "706359669653045249": {
        "caption": "two of these three people really enjoy being interviewed . ", 
        "prediction": "0", 
        "label": 1
    }, 
    "820415787349508096": {
        "caption": "yesterday : turkey fights with terrorists holding dollars . today : turkey offers citizenship those holding $ 1 million & invest in turkey .", 
        "prediction": "0", 
        "label": 1
    }, 
    "915222422713962496": {
        "caption": "smack an outer policeman upside his / her damn head campaign ... \" what 's gangstalking ? \" \" what 's gaslighting ? \"  # corruption", 
        "prediction": "0", 
        "label": 1
    }, 
    "936685145469337600": {
        "caption": "wow , didn \u2019 t know i was so active ! or that there were over 2,000 days in a month ! december challenge here i come .... ", 
        "prediction": "0", 
        "label": 1
    }, 
    "822226351268761601": {
        "caption": "great example of how team # maga uses bots - how can you have 100 + rts / likes in 2min ? # theresistance # impeachtrump # inauguration # trumpleaks", 
        "prediction": "0", 
        "label": 1
    }, 
    "920014656361652224": {
        "caption": "this is more stressful than the presidential election ffs ... # lt (  )", 
        "prediction": "0", 
        "label": 1
    }, 
    "684667398843047936": {
        "caption": "/ / me and my mentions right now hahaha ", 
        "prediction": "0", 
        "label": 1
    }, 
    "820419827454119937": {
        "caption": "nice souvenir for leafs fan scott and his dad john ! # tmltalk", 
        "prediction": "1", 
        "label": 0
    }, 
    "736082451424890881": {
        "caption": "when it 's 2nd april and she is still pregnant ..  <user> emoji_19 emoji_19 emoji_19", 
        "prediction": "0", 
        "label": 1
    }, 
    "877191575067127809": {
        "caption": "how to build a team by phil jackson first and final step : try to trade your best players ( melo , kp ) and you got it ! # knicks # nba  emoji_4086 emoji_4086", 
        "prediction": "0", 
        "label": 1
    }, 
    "699189047588167680": {
        "caption": "i went to the eiffel tower and all i got was a crummy case of ptsd # heights # paris2016 ", 
        "prediction": "0", 
        "label": 1
    }, 
    "820415727978979330": {
        "caption": "get the popcorn ready ... tonight 's snl 's gonna be a good one ! ! ! # snl # theresistance # unpresidented # goldenshowers mypresident # maga", 
        "prediction": "0", 
        "label": 1
    }, 
    "724872310503657472": {
        "caption": "^ musing | written by karuna gaikwad from mumbai on  | # musing # thesilenttalks", 
        "prediction": "1", 
        "label": 0
    }, 
    "725018007563603969": {
        "caption": "from our # portland me office : well , it was nice out yesterday ...  # snowinapril", 
        "prediction": "0", 
        "label": 1
    }, 
    "822228485422940160": {
        "caption": "cnn 's \" balanced \" panel <user> <user> <user> # trumpinauguration emoji_1632", 
        "prediction": "0", 
        "label": 1
    }, 
    "879496038687547392": {
        "caption": "that line up though ", 
        "prediction": "0", 
        "label": 1
    }, 
    "711919107965329408": {
        "caption": "happens all the time ! lol ", 
        "prediction": "0", 
        "label": 1
    }, 
    "848178592383160320": {
        "caption": "# stilesstilinski # human # friend # hero  # teenwolf ( credit to creator ) emoji_297", 
        "prediction": "1", 
        "label": 0
    }, 
    "820048995099770880": {
        "caption": "lmao rt <user> : these are 2 males rt <user> : dating black women vs dating white women emoji_19 emoji_19 emoji_19", 
        "prediction": "0", 
        "label": 1
    }, 
    "818241503067770882": {
        "caption": "its almost monday so that means its almost hwarang time", 
        "prediction": "1", 
        "label": 0
    }, 
    "710870841664409601": {
        "caption": "no need to sugar the pill , lloyds bank . ", 
        "prediction": "0", 
        "label": 1
    }, 
    "819330089909415937": {
        "caption": "the view from here . and from here , on this beautiful bridge in this wonderful city , it does feel as if it 's all going to turn out all right .", 
        "prediction": "1", 
        "label": 0
    }, 
    "698723413162987521": {
        "caption": "oh my god , i 'm so funny  ba dum tss \u266b \u266a", 
        "prediction": "0", 
        "label": 1
    }, 
    "821505383130800133": {
        "caption": "fosters high ideals of friendship among women promotes educational and cultural interests # iamasororitywoman emoji_186 emoji_186", 
        "prediction": "1", 
        "label": 0
    }, 
    "827619548610310148": {
        "caption": "follow wishful widows on facebook ... # divorce needs # inspiration and  ...", 
        "prediction": "1", 
        "label": 0
    }, 
    "727608077931950080": {
        "caption": "<user> everyone  ?", 
        "prediction": "0", 
        "label": 1
    }, 
    "921594955138781184": {
        "caption": "you just have to call her name if you are angry at her . ", 
        "prediction": "0", 
        "label": 1
    }, 
    "822815885761138692": {
        "caption": "i always think the alt right speak for themselves so eloquently . they say \" i 'm gonna tell you i 'm this kinda person & proud . \" ", 
        "prediction": "0", 
        "label": 1
    }, 
    "818240532967079937": {
        "caption": "regina king looks so good in this . swoon .", 
        "prediction": "0", 
        "label": 1
    }, 
    "822255713816715264": {
        "caption": "little known fact , january 20th is penguin awareness day . and nothing else is happening tomorrow . nothing . via <user> & ", 
        "prediction": "0", 
        "label": 1
    }, 
    "817517604868882432": {
        "caption": "just a quick reminder of where are some of the best players going , because of the money ...", 
        "prediction": "0", 
        "label": 1
    }, 
    "823309191003721728": {
        "caption": "thank you <user> for the meme . perfect . # gbvsatl # cowboysnation <user> <user>", 
        "prediction": "0", 
        "label": 1
    }, 
    "731232246997393409": {
        "caption": "1:1 # sekurt love they ", 
        "prediction": "0", 
        "label": 1
    }, 
    "870411295366971393": {
        "caption": "yo <user> thanks for the yearly fee reminder ! here 's to you !  tweet # planetfitness # hiddenfee # mrmet", 
        "prediction": "0", 
        "label": 1
    }, 
    "822229394974384129": {
        "caption": "# ireland - the best activities + where to eat + where to stay while visiting county galway with kids # familytravel # europe # traveltips # kids", 
        "prediction": "1", 
        "label": 0
    }, 
    "818604386742050816": {
        "caption": "who knew i could take selfies without using a snapchat filter", 
        "prediction": "1", 
        "label": 0
    }, 
    "709330709664677888": {
        "caption": "nooo my name is just for show .  <user> <user> <user> <user> <user>", 
        "prediction": "0", 
        "label": 1
    }, 
    "768541128174006276": {
        "caption": "see even chanakya knew it !  emoji_26", 
        "prediction": "0", 
        "label": 1
    }, 
    "829713774055682048": {
        "caption": "who likes being in the hospital for days , bc they were dehydrated , even though they drank a lot of water , but needed electrolytes ? ", 
        "prediction": "0", 
        "label": 1
    }, 
    "823310221342900225": {
        "caption": "she dreams she can 't go into schools or multiple businesses . she dreams she can be sold at walmart . what a dream ... what a dream .....", 
        "prediction": "0", 
        "label": 1
    }, 
    "714738569219321860": {
        "caption": "i have belly ache ....  # lovelayla # greetingscard # card # funny ", 
        "prediction": "1", 
        "label": 0
    }, 
    "711600744223391744": {
        "caption": "my sister caught me at my happiest . i 'm such a little bundle of joy .  emoji_88", 
        "prediction": "0", 
        "label": 1
    }, 
    "728938770842669058": {
        "caption": "smart managing from lvg , after a game of us attacking all game we bring on schneiderlin ! ", 
        "prediction": "0", 
        "label": 1
    }, 
    "722462007585284096": {
        "caption": "all # gay people support # hillary is a lie !  # photography # berniesanders # washingtonsquarepark # bernie2016", 
        "prediction": "0", 
        "label": 1
    }, 
    "827844035083698176": {
        "caption": "dude .. how will you unlock the happiness by a wrong key ? rt if get this . ", 
        "prediction": "0", 
        "label": 1
    }, 
    "826543404897165312": {
        "caption": "what ! # betsydevos copied her work from a woc ? ! wow that 's shocking / so unusual , never happened before i 'm sure  # personalexperience emoji_204", 
        "prediction": "1", 
        "label": 0
    }, 
    "939769831481516032": {
        "caption": "chance of record missed under my captaincy - <user> # indvsl ", 
        "prediction": "0", 
        "label": 1
    }, 
    "819688638766166018": {
        "caption": "# naver main # dara # bom # cl # minzy # 2ne1 2170113 good bye . . . . . . . . .. . . # thankyou2ne1", 
        "prediction": "1", 
        "label": 0
    }, 
    "820050414620045312": {
        "caption": "lmao why do i find this so funny", 
        "prediction": "0", 
        "label": 1
    }, 
    "885040582665662464": {
        "caption": "that moment when wikipedia has blocked editing . not that wikipedia is a legit source but kudos to <user> team . # calibrigate ", 
        "prediction": "0", 
        "label": 1
    }, 
    "818149108569567233": {
        "caption": "habib habibou .... he 's still got it ! !  # lufc", 
        "prediction": "0", 
        "label": 1
    }, 
    "916723908379860992": {
        "caption": "lots of options ! # stilllaughing # mademesmile # madeyousmile # funny  # bumpersticker # bumperstickers # funnybumperstickers", 
        "prediction": "1", 
        "label": 0
    }, 
    "884316738141159425": {
        "caption": "see . this is what i was talking about you guys .... ", 
        "prediction": "0", 
        "label": 1
    }, 
    "817516483064504321": {
        "caption": "sheesh , gotta love ok", 
        "prediction": "1", 
        "label": 0
    }, 
    "690029618150166528": {
        "caption": "thanks , rafe , for being such a great friend who comes over & freaks hope out time & time again ...  # days", 
        "prediction": "0", 
        "label": 1
    }, 
    "886730406078304257": {
        "caption": "this is the ideal male body . you may not like it , but this is what top male performance looks like . # doctorwho  <user>", 
        "prediction": "0", 
        "label": 1
    }, 
    "688016874370674695": {
        "caption": "i love attitudes  emoji_218", 
        "prediction": "0", 
        "label": 1
    }, 
    "821504287469666305": {
        "caption": "i 've been blocked by <user> ? now that 's amusing .", 
        "prediction": "1", 
        "label": 0
    }, 
    "859489389243752449": {
        "caption": "just watched <user> i didn 't even learn no # science . ", 
        "prediction": "0", 
        "label": 1
    }, 
    "822226869365907456": {
        "caption": "<user> give <user> a run for his money", 
        "prediction": "1", 
        "label": 0
    }, 
    "889113302894166016": {
        "caption": "and i call # iwin # iamwhoiam # wit ", 
        "prediction": "1", 
        "label": 0
    }, 
    "707741717881950209": {
        "caption": "games look horrible on xb1 ...  # screenshot # lookslikeconceptart # lighting", 
        "prediction": "1", 
        "label": 0
    }, 
    "818245875726249985": {
        "caption": "it 's not easy to wake up after a few hours spent in a # hammock . # hardlife", 
        "prediction": "1", 
        "label": 0
    }, 
    "819330118279696384": {
        "caption": "dear oh dear oh dear . pride comes before a fall , right enough . <user>", 
        "prediction": "1", 
        "label": 0
    }, 
    "706289587212124160": {
        "caption": "work tonight so many things to put away and so many kids running around and screaming fun ! - - ", 
        "prediction": "0", 
        "label": 1
    }, 
    "712810737811505153": {
        "caption": "i could enter the olympics ! ;) rt <user> : ", 
        "prediction": "0", 
        "label": 1
    }, 
    "926854741887541248": {
        "caption": "mom 's sirius 50s pop hits on direct tv , sounds like a quasi rap song & he says jack asses , needs a parental advisory # thuglife ", 
        "prediction": "0", 
        "label": 1
    }, 
    "854596523799175168": {
        "caption": "this comment is outrageous , it makes jontron look like mlk . ", 
        "prediction": "0", 
        "label": 1
    }, 
    "693410085620461569": {
        "caption": "great . we can 't wait to hunt the field for that later ... ", 
        "prediction": "0", 
        "label": 1
    }, 
    "843931774103277571": {
        "caption": "this is epic ", 
        "prediction": "0", 
        "label": 1
    }, 
    "823479162656657408": {
        "caption": "<user> pres . buhari just released the following pix ! saying he is still alive . for nigerians , the nightmare is not yet over . ", 
        "prediction": "0", 
        "label": 1
    }, 
    "817487630258597891": {
        "caption": "my days going great !  . emoji_107", 
        "prediction": "0", 
        "label": 1
    }, 
    "939714200456318981": {
        "caption": "out of entire route 95 , the worst roads are in nj . because you don 't pay your share of taxes , people ! ", 
        "prediction": "0", 
        "label": 1
    }, 
    "884596721287933952": {
        "caption": "good for the yankees . it 's been too long since one of their players has been the face of baseball .  # number2 # derekjeter # number2", 
        "prediction": "0", 
        "label": 1
    }, 
    "692846957883076608": {
        "caption": "don 't i look lovely with a huge oxygen tube on haha ", 
        "prediction": "0", 
        "label": 1
    }, 
    "821504158696177664": {
        "caption": "jesus ... this man makes trump look like a goddamn saint .", 
        "prediction": "0", 
        "label": 1
    }, 
    "882067719184674816": {
        "caption": "maria was complaining of murths ... - george sanders as benjamin ballon in a shot in the dark ...  :)", 
        "prediction": "0", 
        "label": 1
    }, 
    "819693140131069954": {
        "caption": "it would all go to waste if it weren 't for you . # sugakookie", 
        "prediction": "1", 
        "label": 0
    }, 
    "818385522649272320": {
        "caption": "# foreveralone # single like me ", 
        "prediction": "0", 
        "label": 1
    }, 
    "937116420110012416": {
        "caption": "phew , i though it \u2019 s me to blame . but it turns out to be a generation thing . what a relief . ", 
        "prediction": "0", 
        "label": 1
    }, 
    "834633247443255301": {
        "caption": "i feel this most of the times # friends # chandler ", 
        "prediction": "1", 
        "label": 0
    }, 
    "818237826760318976": {
        "caption": "me : grandma come over grandma : cant i 'm too old me : my parents left me alone at the house with no food", 
        "prediction": "0", 
        "label": 1
    }, 
    "819330595146829824": {
        "caption": "# tntweeters # uslatino # resist how dare donald trump 's own son travel 9 years back in time to release fake news about his father ? so sad ! )", 
        "prediction": "1", 
        "label": 0
    }, 
    "852637986151948289": {
        "caption": " # qotd god speed !", 
        "prediction": "0", 
        "label": 1
    }, 
    "832077099523567617": {
        "caption": "i 'm definitely the latter .  # wine # fine emoji_2371", 
        "prediction": "1", 
        "label": 0
    }, 
    "735081946548576256": {
        "caption": "what happens when ur bf is busy playing dota ", 
        "prediction": "0", 
        "label": 1
    }, 
    "820052841268187140": {
        "caption": "you ever notice trump supporters love to just call us names . especially \" snowflake \" or \" snowflakes \" may i remind them . emoji_2361 emoji_2361 emoji_19 emoji_19 emoji_19", 
        "prediction": "0", 
        "label": 1
    }, 
    "927745478833426432": {
        "caption": "# 58 - tweets and replies my family , my past , nothing i do can change my family or my past . # family  # ilovemyfamily", 
        "prediction": "0", 
        "label": 1
    }, 
    "822828196714442753": {
        "caption": "let 's end violence against women , except for women in the womb .  # hypocrisy # womensmarch # prolifeprowoman # lovethemboth # abortion", 
        "prediction": "0", 
        "label": 1
    }, 
    "931343690701918208": {
        "caption": "look at this stalker . smfh  . oh , and notice all the people traveling on that uso tour . have any of them corroborated today 's story ?", 
        "prediction": "0", 
        "label": 1
    }, 
    "736022497783652352": {
        "caption": "when guys are dumbasses but you told yourself you would try to be nicer .  emoji_36", 
        "prediction": "0", 
        "label": 1
    }, 
    "683363557321388032": {
        "caption": "feeding my abs nothing but the best quality beef ", 
        "prediction": "0", 
        "label": 1
    }, 
    "828652835915124736": {
        "caption": "i think we have all been there # awkward  # tv # theoffice credit : <user> <user>", 
        "prediction": "1", 
        "label": 0
    }, 
    "925034111747665920": {
        "caption": "* shrugs * happy new week darlings # caffeine  # inappropriatethoughts # monday # officelife emoji_140", 
        "prediction": "1", 
        "label": 0
    }, 
    "820052822859350017": {
        "caption": "no one can # motivate you - if you are not willing to do it for yourself # smallbiz # entrepreneur # startup # hustle", 
        "prediction": "1", 
        "label": 0
    }, 
    "899242438019215361": {
        "caption": "welcome to brexit britain . cheers everybody . ", 
        "prediction": "0", 
        "label": 1
    }, 
    "820410063768555520": {
        "caption": "hey <user> - does it actually hurt being this ignorant and stupid ? # auspol via <user>", 
        "prediction": "1", 
        "label": 0
    }, 
    "852999253349847046": {
        "caption": "officially deleting my facebook ..  # reallywouldntmakemymanpay # whoruguy ?", 
        "prediction": "1", 
        "label": 0
    }, 
    "724007134262902784": {
        "caption": "got to see another impressive outing by sanchez today ... ", 
        "prediction": "0", 
        "label": 1
    }, 
    "895235112354406403": {
        "caption": "[ finally . a real solution .  ]", 
        "prediction": "0", 
        "label": 1
    }, 
    "832465045921558529": {
        "caption": "that would be us ! ! ! yaaaaasssss ! # andanotherthing  # wine # asakidiusedto emoji_2371 emoji_2373 emoji_2375 emoji_2377", 
        "prediction": "1", 
        "label": 0
    }, 
    "823010756836921344": {
        "caption": "all hail the god emperor ...  # inauguration # inauguration2017 # donaldtrump mypotus # godemperor # goldenshowersbringtrumptowers", 
        "prediction": "0", 
        "label": 1
    }, 
    "905016084209782784": {
        "caption": "look at me . i put chia seeds in my daughter 's school lunch . that makes me a great parent . ", 
        "prediction": "0", 
        "label": 1
    }, 
    "815444754204721152": {
        "caption": "still me , this # happynewyear # sup2017 # soberthoughts # soberthoughtsph follow <user>  <user> emoji_2131", 
        "prediction": "1", 
        "label": 0
    }, 
    "717435878512025600": {
        "caption": "prenatal education . how can you expect anything of a child who missed getting in-womb audio lessons ? ", 
        "prediction": "0", 
        "label": 1
    }, 
    "847145698965573632": {
        "caption": "something for my epitaph  # 2ndlanguage # gonnagetmeintroubleoneofthesedays emoji_549", 
        "prediction": "1", 
        "label": 0
    }, 
    "912303921875623936": {
        "caption": "why again are # nfl players & athletes # kneeling again for their # nationalanthem ? ? is it because they don 't make enough money  emoji_2210 emoji_1683", 
        "prediction": "0", 
        "label": 1
    }, 
    "697501485026951168": {
        "caption": "never let doing what 's right get in the way of making money !  # ncpol # ncgov <user>", 
        "prediction": "0", 
        "label": 1
    }, 
    "850350213286039553": {
        "caption": "i think we need to add more levels to creative career paths , this seems like the best way to label it . ", 
        "prediction": "0", 
        "label": 1
    }, 
    "819689484849713152": {
        "caption": ". <user> steve harvey 's head is so big , when he takes a selfie , it 's called a group photo .", 
        "prediction": "0", 
        "label": 1
    }, 
    "908536139446755328": {
        "caption": "hey <user> / <user> . you upgraded youtube with a new look . that i can 't view . on <user> . # greatwork ", 
        "prediction": "1", 
        "label": 0
    }, 
    "822590236844818432": {
        "caption": "oh yeah , attack a ten year old child . classy .", 
        "prediction": "0", 
        "label": 1
    }, 
    "822954188380532736": {
        "caption": "my life in a picture", 
        "prediction": "0", 
        "label": 1
    }, 
    "715585106455318530": {
        "caption": "<user> sunshine and clearing skies in russellville ... fantastic . ", 
        "prediction": "0", 
        "label": 1
    }, 
    "824558024203210752": {
        "caption": "the # mumbaiwala style troll ", 
        "prediction": "0", 
        "label": 1
    }, 
    "819158842147803136": {
        "caption": " my first language emoji_92", 
        "prediction": "1", 
        "label": 0
    }, 
    "822947210451152897": {
        "caption": "i looked good af today cmon emoji_377", 
        "prediction": "0", 
        "label": 1
    }, 
    "715670001940697088": {
        "caption": "lucky me ! two city cat journeys in one day ", 
        "prediction": "0", 
        "label": 1
    }, 
    "717092433046212608": {
        "caption": "love the variety of photographs topps uses .  # collect # baseballcards <user>", 
        "prediction": "0", 
        "label": 1
    }, 
    "820781722505768961": {
        "caption": "i am so proud to be a columnist at <user>", 
        "prediction": "1", 
        "label": 0
    }, 
    "871809735699214340": {
        "caption": "hey <user> love the # siri improvements but if you really want to improve it , please help it to better understand my  # apple # wwdc17", 
        "prediction": "1", 
        "label": 0
    }, 
    "939591306392821760": {
        "caption": "\" get u a friend like this \" ", 
        "prediction": "0", 
        "label": 1
    }, 
    "823315345117249540": {
        "caption": "because <user> wasn 't there", 
        "prediction": "1", 
        "label": 0
    }, 
    "823616855252336640": {
        "caption": "but i don 't understand why women marched ....  <user>", 
        "prediction": "0", 
        "label": 1
    }, 
    "907347217882771461": {
        "caption": "hahaha ", 
        "prediction": "0", 
        "label": 1
    }, 
    "867701304780402689": {
        "caption": "and  just died ... <user>", 
        "prediction": "0", 
        "label": 1
    }, 
    "926589171606663169": {
        "caption": "don 't drink and drive  # funny", 
        "prediction": "1", 
        "label": 0
    }, 
    "879827272244396033": {
        "caption": "the reason why are you blocked ", 
        "prediction": "0", 
        "label": 1
    }, 
    "752431172672626691": {
        "caption": "me reflecting on the weekend . ", 
        "prediction": "0", 
        "label": 1
    }, 
    "823310097711583233": {
        "caption": "this is one of the reasons that i can 't take this march seriously .", 
        "prediction": "0", 
        "label": 1
    }, 
    "725284784763711488": {
        "caption": "best friend ever ", 
        "prediction": "0", 
        "label": 1
    }, 
    "885475990138486785": {
        "caption": "you better check yourself before you wreck . ", 
        "prediction": "0", 
        "label": 1
    }, 
    "861946619478110208": {
        "caption": "always remember , exposure can go both ways !  # art # artist # exposure", 
        "prediction": "0", 
        "label": 1
    }, 
    "822949133203881984": {
        "caption": "the wonga pigeon stayed perfectly still hoping i couldn \u2019 t see it . look at that watchful eye ! # nativepigeon # birding # wildoz", 
        "prediction": "1", 
        "label": 0
    }, 
    "832381483566379009": {
        "caption": "i missed this screen ! !  # pokemongo", 
        "prediction": "1", 
        "label": 0
    }, 
    "859056671179636737": {
        "caption": "dump your furniture on the sidewalk & leave .  the city of # guelph will clean it up . # guelph # students # university of # guelph", 
        "prediction": "0", 
        "label": 1
    }, 
    "823314811522007040": {
        "caption": "and where dangerous word is unknown", 
        "prediction": "0", 
        "label": 1
    }, 
    "819330641531727873": {
        "caption": "another controversy ? duke 's grayson allen appears to pull out handgun while going after loose ball", 
        "prediction": "0", 
        "label": 1
    }, 
    "906232404871958528": {
        "caption": "track # irma / self adhesive bra $ 9.35 # bot  # unecessary # juxstapose", 
        "prediction": "0", 
        "label": 1
    }, 
    "693217080062005249": {
        "caption": "just a few schools here today !  # nhs4n6", 
        "prediction": "0", 
        "label": 1
    }, 
    "702578148110680064": {
        "caption": "good one panda . ( insert  )", 
        "prediction": "0", 
        "label": 1
    }, 
    "715638264795779072": {
        "caption": "waaaaaaay too much . # iamwhoiam # justsayin # canyouhandleit # icantakeit # keeplifefun # jokearound  # smartassism", 
        "prediction": "1", 
        "label": 0
    }, 
    "937879622255030275": {
        "caption": "\" appreciation tweet for rihanna \u2019 s cupid \u2019 s bow \"  emoji_4075", 
        "prediction": "0", 
        "label": 1
    }, 
    "931605744503476226": {
        "caption": "love how many times i \u2019 ve won on <user> priority ! ", 
        "prediction": "0", 
        "label": 1
    }, 
    "835958380879556608": {
        "caption": "who radicalized senator tom cotton ? see the beard ! ! ", 
        "prediction": "0", 
        "label": 1
    }, 
    "822948645695844353": {
        "caption": "that would make more sense", 
        "prediction": "1", 
        "label": 0
    }, 
    "822586053819240449": {
        "caption": "i 'll be repping buffy at the # womensmarchonchicago tomorrow . <user> <user> <user>", 
        "prediction": "0", 
        "label": 1
    }, 
    "818243628023816192": {
        "caption": "i couldn 't resist ! ! ! # loadsoffun <user> <user> <user> <user> <user>", 
        "prediction": "1", 
        "label": 0
    }, 
    "934631087237681152": {
        "caption": "timing is everything <user> what a super christmas present  emoji_3103", 
        "prediction": "0", 
        "label": 1
    }, 
    "822956340528222209": {
        "caption": "look at that silly smile in adalind 's face .. this ship is killing me ! ! # nadalind # nadalindkisses # grimm # grimmseason6 emoji_238 emoji_590", 
        "prediction": "0", 
        "label": 1
    }, 
    "940264356675284993": {
        "caption": "<user> thanks for the warning on all that extreme weather we 're having . ", 
        "prediction": "1", 
        "label": 0
    }, 
    "823311332048896000": {
        "caption": "oh my god plan a and starship are in the same building", 
        "prediction": "1", 
        "label": 0
    }, 
    "706657778140471298": {
        "caption": "avril lavigne on being one of the best creative minds of our time .  emoji_19", 
        "prediction": "0", 
        "label": 1
    }, 
    "929033123987316736": {
        "caption": "if i don 't change my profile pic to one of me when i was in the service , how will anyone know they need to thank me ? ! ", 
        "prediction": "0", 
        "label": 1
    }, 
    "818244581762351104": {
        "caption": "i really hope this # justiceleague scene is in slow motion . that 's how i imagine it anyway .", 
        "prediction": "1", 
        "label": 0
    }, 
    "921779205842657280": {
        "caption": "salina central state qualifiers 2017 . sorry , but you have one more week of practice . ", 
        "prediction": "0", 
        "label": 1
    }, 
    "692580725133045760": {
        "caption": "i am great at  !", 
        "prediction": "1", 
        "label": 0
    }, 
    "883786830646312960": {
        "caption": "i think i may be the greatest fisherman who has ever lived . just look at the size of my largemouth bass . ", 
        "prediction": "0", 
        "label": 1
    }, 
    "732652452919541762": {
        "caption": "fantastic # nightfall rewards <user>  # ps4share", 
        "prediction": "0", 
        "label": 1
    }, 
    "856978263993978881": {
        "caption": "the birthday reality # happybirthday ", 
        "prediction": "1", 
        "label": 0
    }, 
    "939526417695481856": {
        "caption": "evms hacked in gujarat elections ", 
        "prediction": "1", 
        "label": 0
    }, 
    "913433776931397633": {
        "caption": "guys look ! it 's our next president ! and you thought trump was great , just wait to meet this guy . ", 
        "prediction": "0", 
        "label": 1
    }, 
    "817051619334311936": {
        "caption": "every good brand strategy includes modal usage guidelines . ", 
        "prediction": "0", 
        "label": 1
    }, 
    "728641891726548992": {
        "caption": "well you 're right on the ball , aren 't you jj ...  they were never together , you effing idiots ! !", 
        "prediction": "0", 
        "label": 1
    }, 
    "819694403870720004": {
        "caption": "sad but true ... # theresistance # obamafarewell # trump", 
        "prediction": "0", 
        "label": 1
    }, 
    "847280159640002564": {
        "caption": "what kind of offensive material is this ? i 'm outraged . ", 
        "prediction": "0", 
        "label": 1
    }, 
    "724226487931510784": {
        "caption": "all these sunglasses but no shade  <user> emoji_843 emoji_843 emoji_843 emoji_843 emoji_843 emoji_843 emoji_843 emoji_843 emoji_843 emoji_843 emoji_843 emoji_843 emoji_843 emoji_843 emoji_843", 
        "prediction": "0", 
        "label": 1
    }, 
    "822950049655046145": {
        "caption": ". <user> looks like he borrowed his dad 's coat to go to the homecoming dance .", 
        "prediction": "0", 
        "label": 1
    }, 
    "825879837009010689": {
        "caption": "i am one with the camera and it is one with me . sony is love , sony is life .  # sony # a6300 # 4k", 
        "prediction": "0", 
        "label": 1
    }, 
    "715681844763566080": {
        "caption": "motivation by  ? :)", 
        "prediction": "0", 
        "label": 1
    }, 
    "816263460656992256": {
        "caption": "well that was super helpful . thanks , <user> ", 
        "prediction": "1", 
        "label": 0
    }, 
    "822956416713494533": {
        "caption": "left my sign in the hands of lincoln . he totally would have been with her .", 
        "prediction": "1", 
        "label": 0
    }, 
    "819689929018142720": {
        "caption": "let 's be adventurers ! # saltlife", 
        "prediction": "1", 
        "label": 0
    }, 
    "841744451240357888": {
        "caption": "remember that time ( today ) when the # snow was so bad , it scared the # city to its core ?  # toronto # canadianwinter", 
        "prediction": "0", 
        "label": 1
    }, 
    "841528734964310016": {
        "caption": "yup that is exactly where garbage goes .. on the floor where i can pick it up for you  # crewlife emoji_1351", 
        "prediction": "1", 
        "label": 0
    }, 
    "787481394536648704": {
        "caption": "g 'night .. off to nyc early in the am . oh , not sure if you 've heard , there 's a new tv show , # berlinstation # ep , # richardarmitage # su9pm ", 
        "prediction": "1", 
        "label": 0
    }, 
    "879279227492814848": {
        "caption": "some suggestions for travelers . # travelwriting # travelpics # fun ", 
        "prediction": "1", 
        "label": 0
    }, 
    "832079046351667200": {
        "caption": "it 's been a pretty good day ! despite all over overloaded  i managed a few smiles & made other people smile . i changed the world + 3", 
        "prediction": "0", 
        "label": 1
    }, 
    "725711205957046272": {
        "caption": "my story !  emoji_19", 
        "prediction": "0", 
        "label": 1
    }, 
    "726168182814334976": {
        "caption": "<user> . you miss this place .... admit it . lol . ", 
        "prediction": "0", 
        "label": 1
    }, 
    "703371915344404480": {
        "caption": "just a typical friday night , filming for gtn showcase . life and times of a superstar .  # bluetheshopdog # gtn", 
        "prediction": "0", 
        "label": 1
    }, 
    "822954933515382784": {
        "caption": "there is a limit to the success of conservative populism and the exploration of \" little guy \" or \" silent majority \" rhetoric ... - # hitch", 
        "prediction": "1", 
        "label": 0
    }, 
    "822846686959693826": {
        "caption": "wow . what a great view ! ", 
        "prediction": "0", 
        "label": 1
    }, 
    "822226893164384257": {
        "caption": "the best way to relax after a long day", 
        "prediction": "1", 
        "label": 0
    }, 
    "819328538465562624": {
        "caption": ". <user> on his epic dab :", 
        "prediction": "1", 
        "label": 0
    }, 
    "820056579235905536": {
        "caption": "you know you 've lived in california too long when this sandwich sounds delicious to you .", 
        "prediction": "1", 
        "label": 0
    }, 
    "706423872405504000": {
        "caption": "# delighted to be standing in for <user> today judging at <user> . # mothersday  # willhavetomakeitup", 
        "prediction": "0", 
        "label": 1
    }, 
    "822949510540361728": {
        "caption": "it 's finally thunder storming u kno what that means", 
        "prediction": "1", 
        "label": 0
    }, 
    "834651156622213120": {
        "caption": "# isro makes history , given side step . # vksasikala in jail gets # salute  # star theghantas # deservesaghanta \u2026", 
        "prediction": "1", 
        "label": 0
    }, 
    "827842431269924865": {
        "caption": "yeah it was lit and yeah i can handle it  # littlemixphoenix # littlemixusatakeover emoji_689 emoji_2153 emoji_689 emoji_2153", 
        "prediction": "0", 
        "label": 1
    }, 
    "691878605782171648": {
        "caption": "this exchange is hilarious but goes to show how stupid people can be with  :", 
        "prediction": "0", 
        "label": 1
    }, 
    "817518326855266304": {
        "caption": "that 's how i like my men emoji_919 emoji_328", 
        "prediction": "1", 
        "label": 0
    }, 
    "818241100318130177": {
        "caption": "lmfao", 
        "prediction": "0", 
        "label": 1
    }, 
    "819935492326047745": {
        "caption": "the best shirt ever ! # theoneforme # iamsosarcastic  # iamfluentinsarcasm # toogoodtopassup # lovethisshirt # boom", 
        "prediction": "1", 
        "label": 0
    }, 
    "892038477742837762": {
        "caption": "my dogs face looks like she just saw the best broadway show ", 
        "prediction": "0", 
        "label": 1
    }, 
    "732839122239377408": {
        "caption": "freelance lyfe ", 
        "prediction": "0", 
        "label": 1
    }, 
    "822584628489912321": {
        "caption": "when you think lincoln was a great guy that freed slaves cause it was right vs . when you know lincoln was capitalist racist trash", 
        "prediction": "0", 
        "label": 1
    }, 
    "820048443313790976": {
        "caption": "truth . # fridaythe13th", 
        "prediction": "0", 
        "label": 1
    }, 
    "865488370838851585": {
        "caption": "i know few of them ; bloody as * holes ( askholes )  ", 
        "prediction": "0", 
        "label": 1
    }, 
    "818605187451547648": {
        "caption": "gentlemen , lovers of # dapper .... who wants one ? # thebelfasttailor", 
        "prediction": "1", 
        "label": 0
    }, 
    "847132915272237058": {
        "caption": "stewie woke boo and me up so many times last night . i 'm glad he 's able to relax now .  # sleepykitty", 
        "prediction": "0", 
        "label": 1
    }, 
    "823419841088458752": {
        "caption": "it is ", 
        "prediction": "0", 
        "label": 1
    }, 
    "860251483069140992": {
        "caption": "what a diverse group of tanned old white people you were able to cobble together today <user> to destroy healthcare !  # resisttrumpcare", 
        "prediction": "0", 
        "label": 1
    }, 
    "892325153262239749": {
        "caption": "accurate still . ", 
        "prediction": "0", 
        "label": 1
    }, 
    "713900686740729856": {
        "caption": "but , we \u2019 re so sincere ! what cd go wrong ? ", 
        "prediction": "0", 
        "label": 1
    }, 
    "696016995611975681": {
        "caption": "the type of people i like to hang out with # imasmartass # fitnfunny ", 
        "prediction": "1", 
        "label": 0
    }, 
    "920605091429797889": {
        "caption": "why do <user> wrap their soothers in this paper - great i now have scratchy paper tickling the back of my throat . just what i need ", 
        "prediction": "0", 
        "label": 1
    }, 
    "822225009716396032": {
        "caption": "live from the lincoln memorial # cryingjordan", 
        "prediction": "0", 
        "label": 1
    }, 
    "874088779853647872": {
        "caption": "seems like bethesda is doing another \" stand in line simulator \" event . my favorite ! # bethesdae3  \u2013 at los angeles center studios", 
        "prediction": "0", 
        "label": 1
    }, 
    "722483568413310976": {
        "caption": " on point emoji_113", 
        "prediction": "0", 
        "label": 1
    }, 
    "847253835810709508": {
        "caption": "<user> this is the important top story for fox news at 9pm . ", 
        "prediction": "0", 
        "label": 1
    }, 
    "689878733424087040": {
        "caption": "this semester is gunna be so much fun ! ! ! ", 
        "prediction": "0", 
        "label": 1
    }, 
    "890507272811622401": {
        "caption": "<user> didnt know about your nestle milky bar promotion ? ", 
        "prediction": "0", 
        "label": 1
    }, 
    "722485698327027712": {
        "caption": "charity or ? ? ? you decide .  # truth", 
        "prediction": "0", 
        "label": 1
    }, 
    "820781915917717505": {
        "caption": "\" you need a loan that 's hassle free \" me : island finance ! !", 
        "prediction": "1", 
        "label": 0
    }, 
    "731071760540573702": {
        "caption": "wow forgot about this gem ... ", 
        "prediction": "0", 
        "label": 1
    }, 
    "905846801646813184": {
        "caption": "my gift for my self on my birthday ...  emoji_131", 
        "prediction": "0", 
        "label": 1
    }, 
    "830233270164000768": {
        "caption": "good job , james dolan . kick out someone who 's the fabric of one of the best eras of # nyknicks basketball . # charlesoakley  # knicks", 
        "prediction": "0", 
        "label": 1
    }, 
    "822226883601309696": {
        "caption": "trump at the # trumpinauguration", 
        "prediction": "0", 
        "label": 1
    }, 
    "822591009372704768": {
        "caption": "just an observation , but maybe <user> should step up their game just a bit ... i totally respect the organic group 's hustle .", 
        "prediction": "1", 
        "label": 0
    }, 
    "815985320088899584": {
        "caption": "stop bashing jed york ; he has worked hard to be in the position he is in . ", 
        "prediction": "0", 
        "label": 1
    }, 
    "819329674861940737": {
        "caption": "cloudy outside , but my mood is not happy wednesday friends ! # wednesdaymotivation # wednesdaychill emoji_640", 
        "prediction": "1", 
        "label": 0
    }, 
    "904812124555296768": {
        "caption": "22 of the funniest quotes you 'll read # quotes  # funnyquotes # funnysayings <user>", 
        "prediction": "1", 
        "label": 0
    }, 
    "683295117847969793": {
        "caption": "the pa welcome center is hopping today . ", 
        "prediction": "0", 
        "label": 1
    }, 
    "921278376085803008": {
        "caption": "day 18 ! ! ! # inktober2017 i love how i 'm drawing daily ; - ; ", 
        "prediction": "0", 
        "label": 1
    }, 
    "730451262777524224": {
        "caption": "yup .  # blackandwhite # lonely # depressed # sad # alone by life_of_the_unknown 1", 
        "prediction": "1", 
        "label": 0
    }, 
    "819405173680242689": {
        "caption": "# mumbaitraffic is aaloo , fits anywhere # art35 fest tom bookmyshow / counter  # standupcomedy <user> <user> <user>", 
        "prediction": "1", 
        "label": 0
    }, 
    "817518494417829889": {
        "caption": "damn meek smh emoji_590 emoji_170 emoji_423", 
        "prediction": "0", 
        "label": 1
    }, 
    "835627007383764992": {
        "caption": "they really pack them in here at the thomas and mack . ", 
        "prediction": "0", 
        "label": 1
    }, 
    "846593349939290112": {
        "caption": "# isro makes history , given side step . # vksasikala in jail gets # salute  # star theghantas # deservesaghanta \u2026", 
        "prediction": "1", 
        "label": 0
    }, 
    "885152029563342848": {
        "caption": "# bringbackobama because who needs the constitution anyway . ", 
        "prediction": "0", 
        "label": 1
    }, 
    "820057165536882689": {
        "caption": "also in my notebook # yeswecan", 
        "prediction": "1", 
        "label": 0
    }, 
    "818606156927135746": {
        "caption": "you sad little wanker . everyone saw exactly what you did mt <user> for the 100th time , i never \" mocked \" a disabled reporter", 
        "prediction": "0", 
        "label": 1
    }, 
    "918662682089345025": {
        "caption": "this is me  # funny", 
        "prediction": "1", 
        "label": 0
    }, 
    "846123180553068544": {
        "caption": "what happened to bball players wearing good ol fashioned high tops these days . crazy millennials . protect them ankles . ", 
        "prediction": "0", 
        "label": 1
    }, 
    "867582194713116672": {
        "caption": "how unusual . a track fault near newport ", 
        "prediction": "0", 
        "label": 1
    }, 
    "818204225423503360": {
        "caption": "# plannedparenthood can help with that ovary explosion you just had .  # neverforget # paulryan", 
        "prediction": "0", 
        "label": 1
    }, 
    "822986535339311105": {
        "caption": "when i think of orange juice , i think of # donaldduck !  emoji_2031 emoji_2033", 
        "prediction": "1", 
        "label": 0
    }, 
    "823318569161256962": {
        "caption": "\" alternative facts \" .", 
        "prediction": "0", 
        "label": 1
    }, 
    "819330100915216384": {
        "caption": "any more questions ? <user> cartoon # tcot # lnyhbt # maga # draintheswamp # buildthewall via <user>", 
        "prediction": "0", 
        "label": 1
    }, 
    "687275544996634624": {
        "caption": "<user> i don 't feel old do you ? ! ", 
        "prediction": "0", 
        "label": 1
    }, 
    "899495544128626688": {
        "caption": "in a shocking zombicide twist , everyone is going to die .  # thishappenseverytime # gamenight", 
        "prediction": "1", 
        "label": 0
    }, 
    "904043446821892098": {
        "caption": "guy moves to # bethesda from # nyc & doesn 't understand a bethesdan 's fear of walking in rainfall so he responds w / extreme  .", 
        "prediction": "0", 
        "label": 1
    }, 
    "819325018702286848": {
        "caption": "this is every old mans facebook profile picture and it 's always uploaded 9 times", 
        "prediction": "0", 
        "label": 1
    }, 
    "729099946247467008": {
        "caption": "had a shoot at <user> today . it 's such a rough location but i was able to tough my way through it .  #  o \u2026", 
        "prediction": "0", 
        "label": 1
    }, 
    "820299303973359617": {
        "caption": "jan 14th . just had xmas & new year . tesco seem to think we need easter eggs already . quick , get the out it 'll be hallowe 'en soon  emoji_3714 emoji_156", 
        "prediction": "0", 
        "label": 1
    }, 
    "822955272733949952": {
        "caption": "i am sure you have a treat for me ! # puppy # friends", 
        "prediction": "1", 
        "label": 0
    }, 
    "820057591837560832": {
        "caption": "i 'm at they neck ain 't no lettin up emoji_82", 
        "prediction": "1", 
        "label": 0
    }, 
    "819686796141481984": {
        "caption": "<user> <user> my second shirt with the blissinator arrived today ! # merryblissmass , # blissinator", 
        "prediction": "1", 
        "label": 0
    }, 
    "839856340755496960": {
        "caption": "toronto women 's fashion week bound ! i don 't think i packed enough .  <user> <user> <user> <user>", 
        "prediction": "0", 
        "label": 1
    }, 
    "859681198972469249": {
        "caption": "bot 's not really  ready , huh . <user> <user>", 
        "prediction": "0", 
        "label": 1
    }, 
    "820052872423305216": {
        "caption": "* record scratch * * freeze frame * yup , that 's me . you 're probably wondering how i ended up in this situation .", 
        "prediction": "1", 
        "label": 0
    }, 
    "700019987419959296": {
        "caption": "i am so popular . jamy is my baby . i am single . always will .  # introvertproblems # funny # cancer # mock", 
        "prediction": "1", 
        "label": 0
    }, 
    "921722988059295750": {
        "caption": "oh what a shame . ", 
        "prediction": "1", 
        "label": 0
    }, 
    "819327200654663681": {
        "caption": "last yr we walked several holes with <user> , cloobeck from <user> & <user> . excited for friday ! it 's # fh4kids # drigolf", 
        "prediction": "1", 
        "label": 0
    }, 
    "904053997216116736": {
        "caption": "the evil white man , which is the devil , forced the half-evil turk to outlaw slave trade . ", 
        "prediction": "0", 
        "label": 1
    }, 
    "716011035115831296": {
        "caption": "will smith is the cause of all traffic in this city .  # celebrityciting", 
        "prediction": "1", 
        "label": 0
    }, 
    "820412091081359360": {
        "caption": "# captainamerica as an orc ? heck yeah ! meet kaptain orc # wargaming # miniatures", 
        "prediction": "1", 
        "label": 0
    }, 
    "915868144735969280": {
        "caption": "keep calm and use burnol # dedicated ", 
        "prediction": "0", 
        "label": 1
    }, 
    "884120962748342272": {
        "caption": "lil dicky at summerfest ! ! ! ", 
        "prediction": "0", 
        "label": 1
    }, 
    "819690312109015040": {
        "caption": "if any of my professors try to give me homework during sylly week .", 
        "prediction": "0", 
        "label": 1
    }, 
    "715887235137212416": {
        "caption": " ... some don 't get it , some love it , some are offended ... just sayin ' it helps to know your audience ! ~ # dtn", 
        "prediction": "1", 
        "label": 0
    }, 
    "913996985266462721": {
        "caption": "swim instructor fashion !  # whatnottowear # swimsuits # swimteacher # poolside # swimlessons # swimteacherlife # swimteacherprobs", 
        "prediction": "1", 
        "label": 0
    }, 
    "823313994572333058": {
        "caption": "<user> my son drew a picture you might like ... i really like the belt .", 
        "prediction": "1", 
        "label": 0
    }, 
    "816796252159537156": {
        "caption": "sometimes , people must climb to the top of 23,000 gallon fermenters to fix issues in the middle of winter . we call these people # heroes .", 
        "prediction": "1", 
        "label": 0
    }, 
    "944706094127083520": {
        "caption": "merry christmas to you too , facebook . ", 
        "prediction": "0", 
        "label": 1
    }, 
    "820409909778976768": {
        "caption": "quite a photo . thames barrier doing its job & saving london streets from the north sea via <user> <user>", 
        "prediction": "1", 
        "label": 0
    }, 
    "726506255683039232": {
        "caption": " is just one more service we offer !", 
        "prediction": "1", 
        "label": 0
    }, 
    "708361391304904704": {
        "caption": "throwback to when i dropped acid with my girl .  # chillyoursenses <user>", 
        "prediction": "0", 
        "label": 1
    }, 
    "722656595553951746": {
        "caption": "i 've seen signs that say \" no outside food \" , but this is really specific . # echopark # losangeles ", 
        "prediction": "0", 
        "label": 1
    }, 
    "925000460565655554": {
        "caption": "halloween ", 
        "prediction": "0", 
        "label": 1
    }
}