{
    "687339121505734656": {
        "caption": "how does this person know i 'm full of it ? only people who 've met me know that . ", 
        "prediction": "0", 
        "label": 1
    }, 
    "891857837051301890": {
        "caption": "yep . we 're the classless ones ", 
        "prediction": "0", 
        "label": 1
    }, 
    "822226893164384257": {
        "caption": "the best way to relax after a long day", 
        "prediction": "1", 
        "label": 0
    }, 
    "709126873645711360": {
        "caption": "there 's nothing better than doing homework with a ten year old on a sunday night .. # sloth # rainforest ", 
        "prediction": "0", 
        "label": 1
    }, 
    "820052822859350017": {
        "caption": "no one can # motivate you - if you are not willing to do it for yourself # smallbiz # entrepreneur # startup # hustle", 
        "prediction": "1", 
        "label": 0
    }, 
    "819690312109015040": {
        "caption": "if any of my professors try to give me homework during sylly week .", 
        "prediction": "0", 
        "label": 1
    }, 
    "896700873983840256": {
        "caption": "i can 't believe the people running twitters news feeds quoted the wrong ken rosenthal  # 74followers", 
        "prediction": "0", 
        "label": 1
    }, 
    "904043446821892098": {
        "caption": "guy moves to # bethesda from # nyc & doesn 't understand a bethesdan 's fear of walking in rainfall so he responds w / extreme  .", 
        "prediction": "0", 
        "label": 1
    }, 
    "820056579235905536": {
        "caption": "you know you 've lived in california too long when this sandwich sounds delicious to you .", 
        "prediction": "1", 
        "label": 0
    }, 
    "873511193905856513": {
        "caption": "if lays started making beer  # lays # beer", 
        "prediction": "0", 
        "label": 1
    }, 
    "822846686959693826": {
        "caption": "wow . what a great view ! ", 
        "prediction": "0", 
        "label": 1
    }, 
    "822949510540361728": {
        "caption": "it 's finally thunder storming u kno what that means", 
        "prediction": "1", 
        "label": 0
    }, 
    "828362636513464321": {
        "caption": "massive day for nhl dfs . ", 
        "prediction": "0", 
        "label": 1
    }, 
    "887806971314749440": {
        "caption": "why would anyone go to the oncologist office when you can cure cancer by going vegan , or just get rid of it w / juice detoxes ? duh . ", 
        "prediction": "0", 
        "label": 1
    }, 
    "915222422713962496": {
        "caption": "smack an outer policeman upside his / her damn head campaign ... \" what 's gangstalking ? \" \" what 's gaslighting ? \"  # corruption", 
        "prediction": "0", 
        "label": 1
    }, 
    "936685145469337600": {
        "caption": "wow , didn \u2019 t know i was so active ! or that there were over 2,000 days in a month ! december challenge here i come .... ", 
        "prediction": "0", 
        "label": 1
    }, 
    "840367947851943936": {
        "caption": "<user> <user> tails never fails ", 
        "prediction": "0", 
        "label": 1
    }, 
    "900218985140113409": {
        "caption": "hey # nintendo just a + job on match pairing , thank u so much for letting me play ur amazing game die & respawn simulator # splatoon2 ", 
        "prediction": "0", 
        "label": 1
    }, 
    "905016084209782784": {
        "caption": "look at me . i put chia seeds in my daughter 's school lunch . that makes me a great parent . ", 
        "prediction": "0", 
        "label": 1
    }, 
    "838258483115913217": {
        "caption": "lmao ! - pctto ", 
        "prediction": "0", 
        "label": 1
    }, 
    "920014656361652224": {
        "caption": "this is more stressful than the presidential election ffs ... # lt (  )", 
        "prediction": "0", 
        "label": 1
    }, 
    "684667398843047936": {
        "caption": "/ / me and my mentions right now hahaha ", 
        "prediction": "0", 
        "label": 1
    }, 
    "695371336038756352": {
        "caption": "thanks , usps ! ", 
        "prediction": "0", 
        "label": 1
    }, 
    "847132915272237058": {
        "caption": "stewie woke boo and me up so many times last night . i 'm glad he 's able to relax now .  # sleepykitty", 
        "prediction": "0", 
        "label": 1
    }, 
    "820419827454119937": {
        "caption": "nice souvenir for leafs fan scott and his dad john ! # tmltalk", 
        "prediction": "1", 
        "label": 0
    }, 
    "860251483069140992": {
        "caption": "what a diverse group of tanned old white people you were able to cobble together today <user> to destroy healthcare !  # resisttrumpcare", 
        "prediction": "0", 
        "label": 1
    }, 
    "827842431269924865": {
        "caption": "yeah it was lit and yeah i can handle it  # littlemixphoenix # littlemixusatakeover emoji_689 emoji_2153 emoji_689 emoji_2153", 
        "prediction": "0", 
        "label": 1
    }, 
    "699189047588167680": {
        "caption": "i went to the eiffel tower and all i got was a crummy case of ptsd # heights # paris2016 ", 
        "prediction": "0", 
        "label": 1
    }, 
    "717435878512025600": {
        "caption": "prenatal education . how can you expect anything of a child who missed getting in-womb audio lessons ? ", 
        "prediction": "0", 
        "label": 1
    }, 
    "822953263058321408": {
        "caption": "# 15a\u00f1osescondidos complicidad", 
        "prediction": "1", 
        "label": 0
    }, 
    "725018007563603969": {
        "caption": "from our # portland me office : well , it was nice out yesterday ...  # snowinapril", 
        "prediction": "0", 
        "label": 1
    }, 
    "912303921875623936": {
        "caption": "why again are # nfl players & athletes # kneeling again for their # nationalanthem ? ? is it because they don 't make enough money  emoji_2210 emoji_1683", 
        "prediction": "0", 
        "label": 1
    }, 
    "713900686740729856": {
        "caption": "but , we \u2019 re so sincere ! what cd go wrong ? ", 
        "prediction": "0", 
        "label": 1
    }, 
    "697501485026951168": {
        "caption": "never let doing what 's right get in the way of making money !  # ncpol # ncgov <user>", 
        "prediction": "0", 
        "label": 1
    }, 
    "711919107965329408": {
        "caption": "happens all the time ! lol ", 
        "prediction": "0", 
        "label": 1
    }, 
    "850350213286039553": {
        "caption": "i think we need to add more levels to creative career paths , this seems like the best way to label it . ", 
        "prediction": "0", 
        "label": 1
    }, 
    "920605091429797889": {
        "caption": "why do <user> wrap their soothers in this paper - great i now have scratchy paper tickling the back of my throat . just what i need ", 
        "prediction": "0", 
        "label": 1
    }, 
    "822590236844818432": {
        "caption": "oh yeah , attack a ten year old child . classy .", 
        "prediction": "0", 
        "label": 1
    }, 
    "818241503067770882": {
        "caption": "its almost monday so that means its almost hwarang time", 
        "prediction": "1", 
        "label": 0
    }, 
    "928872445695553536": {
        "caption": "the vision vancouver bike lanes are so crowded with cyclists ( \" how crowded are they ? ! ? \" ) , they 're so crowded that vision vancouver wants skateboarders to use them . # vanpoli ", 
        "prediction": "0", 
        "label": 1
    }, 
    "722483568413310976": {
        "caption": " on point emoji_113", 
        "prediction": "0", 
        "label": 1
    }, 
    "822954188380532736": {
        "caption": "my life in a picture", 
        "prediction": "0", 
        "label": 1
    }, 
    "934302504057167872": {
        "caption": "i deal with break ups like i deal with everything else , ", 
        "prediction": "0", 
        "label": 1
    }, 
    "689878733424087040": {
        "caption": "this semester is gunna be so much fun ! ! ! ", 
        "prediction": "0", 
        "label": 1
    }, 
    "890507272811622401": {
        "caption": "<user> didnt know about your nestle milky bar promotion ? ", 
        "prediction": "0", 
        "label": 1
    }, 
    "819330089909415937": {
        "caption": "the view from here . and from here , on this beautiful bridge in this wonderful city , it does feel as if it 's all going to turn out all right .", 
        "prediction": "1", 
        "label": 0
    }, 
    "715585106455318530": {
        "caption": "<user> sunshine and clearing skies in russellville ... fantastic . ", 
        "prediction": "0", 
        "label": 1
    }, 
    "731071760540573702": {
        "caption": "wow forgot about this gem ... ", 
        "prediction": "0", 
        "label": 1
    }, 
    "698723413162987521": {
        "caption": "oh my god , i 'm so funny  ba dum tss \u266b \u266a", 
        "prediction": "0", 
        "label": 1
    }, 
    "722485698327027712": {
        "caption": "charity or ? ? ? you decide .  # truth", 
        "prediction": "0", 
        "label": 1
    }, 
    "727608077931950080": {
        "caption": "<user> everyone  ?", 
        "prediction": "0", 
        "label": 1
    }, 
    "824558024203210752": {
        "caption": "the # mumbaiwala style troll ", 
        "prediction": "0", 
        "label": 1
    }, 
    "831431118016622593": {
        "caption": "shout out to all couples out there .. hehehe . . ", 
        "prediction": "0", 
        "label": 1
    }, 
    "904098404799827968": {
        "caption": "i may mom my staff too much .... # drivesafely  is in the house <user>", 
        "prediction": "0", 
        "label": 1
    }, 
    "717092433046212608": {
        "caption": "love the variety of photographs topps uses .  # collect # baseballcards <user>", 
        "prediction": "0", 
        "label": 1
    }, 
    "905846801646813184": {
        "caption": "my gift for my self on my birthday ...  emoji_131", 
        "prediction": "0", 
        "label": 1
    }, 
    "907358116567814145": {
        "caption": "i propose we all have long , loud conversations on our phones while riding the t . no one will mind !  # sharingspace # mbta <user>", 
        "prediction": "0", 
        "label": 1
    }, 
    "820057591837560832": {
        "caption": "i 'm at they neck ain 't no lettin up emoji_82", 
        "prediction": "1", 
        "label": 0
    }, 
    "819324985642663936": {
        "caption": "\" of course the article is fake . we posted it on buzzfeed . not buzzfeed news . 2 different things \"", 
        "prediction": "1", 
        "label": 0
    }, 
    "731232246997393409": {
        "caption": "1:1 # sekurt love they ", 
        "prediction": "0", 
        "label": 1
    }, 
    "725302803070095360": {
        "caption": "hi there <user> , i don 't believe this room is large enough for one on one podcasts . # dominion ", 
        "prediction": "0", 
        "label": 1
    }, 
    "696097163537948672": {
        "caption": "this # work  emoji_1564", 
        "prediction": "0", 
        "label": 1
    }, 
    "882363765655834624": {
        "caption": "a brilliant move by the <user> front office to move shaw ", 
        "prediction": "0", 
        "label": 1
    }, 
    "818604386742050816": {
        "caption": "who knew i could take selfies without using a snapchat filter", 
        "prediction": "1", 
        "label": 0
    }, 
    "709330709664677888": {
        "caption": "nooo my name is just for show .  <user> <user> <user> <user> <user>", 
        "prediction": "0", 
        "label": 1
    }, 
    "822956416713494533": {
        "caption": "left my sign in the hands of lincoln . he totally would have been with her .", 
        "prediction": "1", 
        "label": 0
    }, 
    "907347217882771461": {
        "caption": "hahaha ", 
        "prediction": "0", 
        "label": 1
    }, 
    "729099946247467008": {
        "caption": "had a shoot at <user> today . it 's such a rough location but i was able to tough my way through it .  #  o \u2026", 
        "prediction": "0", 
        "label": 1
    }, 
    "722462007585284096": {
        "caption": "all # gay people support # hillary is a lie !  # photography # berniesanders # washingtonsquarepark # bernie2016", 
        "prediction": "0", 
        "label": 1
    }, 
    "684922233274380288": {
        "caption": "when preparing a presentation , giant fonts never lie . doesn 't matter what it says just make the font huge . ", 
        "prediction": "0", 
        "label": 1
    }, 
    "819323276249993216": {
        "caption": "<user> dm me pls # formeplusyouonspotify emoji_623", 
        "prediction": "1", 
        "label": 0
    }, 
    "873243814705721345": {
        "caption": "well i 'm going to live forever ! ", 
        "prediction": "0", 
        "label": 1
    }, 
    "885152029563342848": {
        "caption": "# bringbackobama because who needs the constitution anyway . ", 
        "prediction": "0", 
        "label": 1
    }, 
    "891742847581302785": {
        "caption": "the job creator . ", 
        "prediction": "0", 
        "label": 1
    }, 
    "885040582665662464": {
        "caption": "that moment when wikipedia has blocked editing . not that wikipedia is a legit source but kudos to <user> team . # calibrigate ", 
        "prediction": "0", 
        "label": 1
    }, 
    "818149108569567233": {
        "caption": "habib habibou .... he 's still got it ! !  # lufc", 
        "prediction": "0", 
        "label": 1
    }, 
    "884316738141159425": {
        "caption": "see . this is what i was talking about you guys .... ", 
        "prediction": "0", 
        "label": 1
    }, 
    "906232404871958528": {
        "caption": "track # irma / self adhesive bra $ 9.35 # bot  # unecessary # juxstapose", 
        "prediction": "0", 
        "label": 1
    }, 
    "725395755855278081": {
        "caption": " # wednesdaywisdom why love one and abuse the other ?", 
        "prediction": "0", 
        "label": 1
    }, 
    "817516483064504321": {
        "caption": "sheesh , gotta love ok", 
        "prediction": "1", 
        "label": 0
    }, 
    "690029618150166528": {
        "caption": "thanks , rafe , for being such a great friend who comes over & freaks hope out time & time again ...  # days", 
        "prediction": "0", 
        "label": 1
    }, 
    "886730406078304257": {
        "caption": "this is the ideal male body . you may not like it , but this is what top male performance looks like . # doctorwho  <user>", 
        "prediction": "0", 
        "label": 1
    }, 
    "722656595553951746": {
        "caption": "i 've seen signs that say \" no outside food \" , but this is really specific . # echopark # losangeles ", 
        "prediction": "0", 
        "label": 1
    }, 
    "726501055488471040": {
        "caption": "thanks for the generous offers to go to the off licence folks !  anyway had to go myself . hope these are nice", 
        "prediction": "0", 
        "label": 1
    }, 
    "717888234064322560": {
        "caption": "when it 's snow storming in # sudbury & boredom sets in ... # bigsmile  # deliriumhassetin # bedtime emoji_1067", 
        "prediction": "0", 
        "label": 1
    }, 
    "867582194713116672": {
        "caption": "how unusual . a track fault near newport ", 
        "prediction": "0", 
        "label": 1
    }, 
    "687275544996634624": {
        "caption": "<user> i don 't feel old do you ? ! ", 
        "prediction": "0", 
        "label": 1
    }, 
    "931605744503476226": {
        "caption": "love how many times i \u2019 ve won on <user> priority ! ", 
        "prediction": "0", 
        "label": 1
    }, 
    "818237984281661440": {
        "caption": "i don 't think he likes it ...", 
        "prediction": "1", 
        "label": 0
    }, 
    "829119673719414784": {
        "caption": "# newvettingquestions do you promise to assimilate so help you god ? ", 
        "prediction": "0", 
        "label": 1
    }, 
    "851483143555215360": {
        "caption": "it takes so little now a days to be considered a nerd .. ", 
        "prediction": "0", 
        "label": 1
    }, 
    "818243628023816192": {
        "caption": "i couldn 't resist ! ! ! # loadsoffun <user> <user> <user> <user> <user>", 
        "prediction": "1", 
        "label": 0
    }, 
    "820299303973359617": {
        "caption": "jan 14th . just had xmas & new year . tesco seem to think we need easter eggs already . quick , get the out it 'll be hallowe 'en soon  emoji_3714 emoji_156", 
        "prediction": "0", 
        "label": 1
    }, 
    "817487630258597891": {
        "caption": "my days going great !  . emoji_107", 
        "prediction": "0", 
        "label": 1
    }, 
    "926433400717824000": {
        "caption": "buy now enough by danielle norman . # romcom # romance # motorcycles # friendship  \u27a4 purchase today amazon universal : ... emoji_2752 emoji_2752", 
        "prediction": "0", 
        "label": 1
    }, 
    "819686796141481984": {
        "caption": "<user> <user> my second shirt with the blissinator arrived today ! # merryblissmass , # blissinator", 
        "prediction": "1", 
        "label": 0
    }, 
    "926854741887541248": {
        "caption": "mom 's sirius 50s pop hits on direct tv , sounds like a quasi rap song & he says jack asses , needs a parental advisory # thuglife ", 
        "prediction": "0", 
        "label": 1
    }, 
    "854596523799175168": {
        "caption": "this comment is outrageous , it makes jontron look like mlk . ", 
        "prediction": "0", 
        "label": 1
    }, 
    "859681198972469249": {
        "caption": "bot 's not really  ready , huh . <user> <user>", 
        "prediction": "0", 
        "label": 1
    }, 
    "820052872423305216": {
        "caption": "* record scratch * * freeze frame * yup , that 's me . you 're probably wondering how i ended up in this situation .", 
        "prediction": "1", 
        "label": 0
    }, 
    "715310141998899200": {
        "caption": "sure , harry , just wing it .  if this is true , what the heck man ? emoji_88", 
        "prediction": "0", 
        "label": 1
    }, 
    "929033123987316736": {
        "caption": "if i don 't change my profile pic to one of me when i was in the service , how will anyone know they need to thank me ? ! ", 
        "prediction": "0", 
        "label": 1
    }, 
    "843931774103277571": {
        "caption": "this is epic ", 
        "prediction": "0", 
        "label": 1
    }, 
    "819327200654663681": {
        "caption": "last yr we walked several holes with <user> , cloobeck from <user> & <user> . excited for friday ! it 's # fh4kids # drigolf", 
        "prediction": "1", 
        "label": 0
    }, 
    "934631087237681152": {
        "caption": "timing is everything <user> what a super christmas present  emoji_3103", 
        "prediction": "0", 
        "label": 1
    }, 
    "939714200456318981": {
        "caption": "out of entire route 95 , the worst roads are in nj . because you don 't pay your share of taxes , people ! ", 
        "prediction": "0", 
        "label": 1
    }, 
    "884596721287933952": {
        "caption": "good for the yankees . it 's been too long since one of their players has been the face of baseball .  # number2 # derekjeter # number2", 
        "prediction": "0", 
        "label": 1
    }, 
    "836354513799901184": {
        "caption": "do you know what we need ? a bigger military . have some pie ", 
        "prediction": "0", 
        "label": 1
    }, 
    "898020546503360512": {
        "caption": "copied from # pardaa ", 
        "prediction": "0", 
        "label": 1
    }, 
    "692846957883076608": {
        "caption": "don 't i look lovely with a huge oxygen tube on haha ", 
        "prediction": "0", 
        "label": 1
    }, 
    "834989244007378944": {
        "caption": "abc 5 : best tv station ever .  <user>", 
        "prediction": "0", 
        "label": 1
    }, 
    "909025478672998400": {
        "caption": "at least <user> doesnt fear a con artist who 4years laundered russian $ thru german banks then used the $ to hijack the <user> ", 
        "prediction": "0", 
        "label": 1
    }, 
    "706423872405504000": {
        "caption": "# delighted to be standing in for <user> today judging at <user> . # mothersday  # willhavetomakeitup", 
        "prediction": "0", 
        "label": 1
    }, 
    "732652452919541762": {
        "caption": "fantastic # nightfall rewards <user>  # ps4share", 
        "prediction": "0", 
        "label": 1
    }, 
    "823313994572333058": {
        "caption": "<user> my son drew a picture you might like ... i really like the belt .", 
        "prediction": "1", 
        "label": 0
    }, 
    "728641891726548992": {
        "caption": "well you 're right on the ball , aren 't you jj ...  they were never together , you effing idiots ! !", 
        "prediction": "0", 
        "label": 1
    }, 
    "801201407164416000": {
        "caption": "'tis the season for giving and i think i found exactly what everyone on my list wants . ", 
        "prediction": "0", 
        "label": 1
    }, 
    "847280159640002564": {
        "caption": "what kind of offensive material is this ? i 'm outraged . ", 
        "prediction": "0", 
        "label": 1
    }, 
    "944706094127083520": {
        "caption": "merry christmas to you too , facebook . ", 
        "prediction": "0", 
        "label": 1
    }, 
    "820048443313790976": {
        "caption": "truth . # fridaythe13th", 
        "prediction": "0", 
        "label": 1
    }, 
    "886767530328588288": {
        "caption": "doctors prescribe weed to patients . we should probably trust untrained politicians that have never tried nor researched weed tho ", 
        "prediction": "0", 
        "label": 1
    }, 
    "825879837009010689": {
        "caption": "i am one with the camera and it is one with me . sony is love , sony is life .  # sony # a6300 # 4k", 
        "prediction": "0", 
        "label": 1
    }, 
    "752250366184620032": {
        "caption": "pokemon go is amazing . ", 
        "prediction": "0", 
        "label": 1
    }, 
    "818385522649272320": {
        "caption": "# foreveralone # single like me ", 
        "prediction": "0", 
        "label": 1
    }, 
    "937116420110012416": {
        "caption": "phew , i though it \u2019 s me to blame . but it turns out to be a generation thing . what a relief . ", 
        "prediction": "0", 
        "label": 1
    }, 
    "801692345905258496": {
        "caption": "i 'll continue to thank those who didn 't vote . ", 
        "prediction": "0", 
        "label": 1
    }, 
    "841744451240357888": {
        "caption": "remember that time ( today ) when the # snow was so bad , it scared the # city to its core ?  # toronto # canadianwinter", 
        "prediction": "0", 
        "label": 1
    }, 
    "818605187451547648": {
        "caption": "gentlemen , lovers of # dapper .... who wants one ? # thebelfasttailor", 
        "prediction": "1", 
        "label": 0
    }, 
    "883524815612772352": {
        "caption": "meanwhile in my mind - get me some weed to smoke , this time i will control . ", 
        "prediction": "0", 
        "label": 1
    }, 
    "859489389243752449": {
        "caption": "just watched <user> i didn 't even learn no # science . ", 
        "prediction": "0", 
        "label": 1
    }, 
    "725711205957046272": {
        "caption": "my story !  emoji_19", 
        "prediction": "0", 
        "label": 1
    }, 
    "726168182814334976": {
        "caption": "<user> . you miss this place .... admit it . lol . ", 
        "prediction": "0", 
        "label": 1
    }, 
    "852637986151948289": {
        "caption": " # qotd god speed !", 
        "prediction": "0", 
        "label": 1
    }, 
    "708361391304904704": {
        "caption": "throwback to when i dropped acid with my girl .  # chillyoursenses <user>", 
        "prediction": "0", 
        "label": 1
    }, 
    "915868144735969280": {
        "caption": "keep calm and use burnol # dedicated ", 
        "prediction": "0", 
        "label": 1
    }, 
    "927745478833426432": {
        "caption": "# 58 - tweets and replies my family , my past , nothing i do can change my family or my past . # family  # ilovemyfamily", 
        "prediction": "0", 
        "label": 1
    }, 
    "931343690701918208": {
        "caption": "look at this stalker . smfh  . oh , and notice all the people traveling on that uso tour . have any of them corroborated today 's story ?", 
        "prediction": "0", 
        "label": 1
    }, 
    "726847431854313472": {
        "caption": "i 'm pretty sure this cookie cake isn 't big enough . ", 
        "prediction": "0", 
        "label": 1
    }, 
    "925000460565655554": {
        "caption": "halloween ", 
        "prediction": "0", 
        "label": 1
    }
}