{
    "685601583879598084": {
        "pred": 1, 
        "label": 0
    }, 
    "730451262777524224": {
        "pred": 1, 
        "label": 0
    }, 
    "819687123125235713": {
        "pred": 0, 
        "label": 1
    }, 
    "945778202315763712": {
        "pred": 0, 
        "label": 1
    }, 
    "937441794303938562": {
        "pred": 0, 
        "label": 1
    }, 
    "818239390099116033": {
        "pred": 1, 
        "label": 0
    }, 
    "819327594612985856": {
        "pred": 1, 
        "label": 0
    }, 
    "819692521697800192": {
        "pred": 0, 
        "label": 1
    }, 
    "819687626798145536": {
        "pred": 0, 
        "label": 1
    }, 
    "819686546676838400": {
        "pred": 0, 
        "label": 1
    }, 
    "722111068311535616": {
        "pred": 0, 
        "label": 1
    }, 
    "823315508531523585": {
        "pred": 1, 
        "label": 0
    }, 
    "819331557777403904": {
        "pred": 0, 
        "label": 1
    }, 
    "875103880387805184": {
        "pred": 1, 
        "label": 0
    }, 
    "835958380879556608": {
        "pred": 0, 
        "label": 1
    }, 
    "717042051074891776": {
        "pred": 0, 
        "label": 1
    }, 
    "842768786281418756": {
        "pred": 1, 
        "label": 0
    }, 
    "882647719776587776": {
        "pred": 1, 
        "label": 0
    }, 
    "823313026799509505": {
        "pred": 1, 
        "label": 0
    }, 
    "755115255114629124": {
        "pred": 0, 
        "label": 1
    }, 
    "712979546828619776": {
        "pred": 0, 
        "label": 1
    }, 
    "852152823638880256": {
        "pred": 0, 
        "label": 1
    }, 
    "820411373914038272": {
        "pred": 1, 
        "label": 0
    }, 
    "819327505249292292": {
        "pred": 1, 
        "label": 0
    }, 
    "818245174958714880": {
        "pred": 1, 
        "label": 0
    }, 
    "822584561787957249": {
        "pred": 1, 
        "label": 0
    }, 
    "818242205521481729": {
        "pred": 1, 
        "label": 0
    }, 
    "821504592135553024": {
        "pred": 1, 
        "label": 0
    }, 
    "734072671940530176": {
        "pred": 0, 
        "label": 1
    }, 
    "821504641859014661": {
        "pred": 1, 
        "label": 0
    }, 
    "821997332346437632": {
        "pred": 0, 
        "label": 1
    }, 
    "891904969950937088": {
        "pred": 1, 
        "label": 0
    }, 
    "820052661680668676": {
        "pred": 0, 
        "label": 1
    }, 
    "819695185554771968": {
        "pred": 1, 
        "label": 0
    }, 
    "833942362183315456": {
        "pred": 1, 
        "label": 0
    }, 
    "822588137503387649": {
        "pred": 0, 
        "label": 1
    }, 
    "820054754160164865": {
        "pred": 1, 
        "label": 0
    }, 
    "685908290010742784": {
        "pred": 0, 
        "label": 1
    }, 
    "881714256512778240": {
        "pred": 0, 
        "label": 1
    }, 
    "822592749870399492": {
        "pred": 1, 
        "label": 0
    }, 
    "820054162180362241": {
        "pred": 1, 
        "label": 0
    }, 
    "911642559033876481": {
        "pred": 1, 
        "label": 0
    }, 
    "910276317882527744": {
        "pred": 1, 
        "label": 0
    }, 
    "821869671225901056": {
        "pred": 1, 
        "label": 0
    }, 
    "827709119465394176": {
        "pred": 0, 
        "label": 1
    }, 
    "861580977235255296": {
        "pred": 1, 
        "label": 0
    }, 
    "823314457887731712": {
        "pred": 1, 
        "label": 0
    }, 
    "902686058189611008": {
        "pred": 1, 
        "label": 0
    }, 
    "938796305161351168": {
        "pred": 0, 
        "label": 1
    }, 
    "822953377944522753": {
        "pred": 1, 
        "label": 0
    }, 
    "819323163431477248": {
        "pred": 1, 
        "label": 0
    }, 
    "819688404833091584": {
        "pred": 1, 
        "label": 0
    }, 
    "907192702294511616": {
        "pred": 0, 
        "label": 1
    }, 
    "838007434463612929": {
        "pred": 1, 
        "label": 0
    }, 
    "820414862912196608": {
        "pred": 1, 
        "label": 0
    }, 
    "819329411463811073": {
        "pred": 1, 
        "label": 0
    }, 
    "856944063945355264": {
        "pred": 0, 
        "label": 1
    }, 
    "837682838963109890": {
        "pred": 0, 
        "label": 1
    }, 
    "927915605281386496": {
        "pred": 0, 
        "label": 1
    }, 
    "823311029887270913": {
        "pred": 1, 
        "label": 0
    }, 
    "916511907250552833": {
        "pred": 1, 
        "label": 0
    }, 
    "820052611638272000": {
        "pred": 1, 
        "label": 0
    }, 
    "862485502141779968": {
        "pred": 0, 
        "label": 1
    }, 
    "861778185415008256": {
        "pred": 0, 
        "label": 1
    }, 
    "889833114674970625": {
        "pred": 0, 
        "label": 1
    }, 
    "820409785665327104": {
        "pred": 1, 
        "label": 0
    }, 
    "883663535414300672": {
        "pred": 0, 
        "label": 1
    }, 
    "691321835141611527": {
        "pred": 0, 
        "label": 1
    }, 
    "818237923929657345": {
        "pred": 1, 
        "label": 0
    }, 
    "822226590029361153": {
        "pred": 1, 
        "label": 0
    }, 
    "733777709655052288": {
        "pred": 1, 
        "label": 0
    }, 
    "828017788539301888": {
        "pred": 0, 
        "label": 1
    }, 
    "919674045276278789": {
        "pred": 1, 
        "label": 0
    }, 
    "721679848599633921": {
        "pred": 0, 
        "label": 1
    }, 
    "696008220578414596": {
        "pred": 0, 
        "label": 1
    }, 
    "797744788229365760": {
        "pred": 1, 
        "label": 0
    }, 
    "818242180712120320": {
        "pred": 1, 
        "label": 0
    }, 
    "820054799924297728": {
        "pred": 1, 
        "label": 0
    }, 
    "907895635994607616": {
        "pred": 1, 
        "label": 0
    }, 
    "879753350799122432": {
        "pred": 1, 
        "label": 0
    }, 
    "700798029595435008": {
        "pred": 0, 
        "label": 1
    }, 
    "823315345117249540": {
        "pred": 1, 
        "label": 0
    }, 
    "818242186638659585": {
        "pred": 1, 
        "label": 0
    }, 
    "819024412829683712": {
        "pred": 0, 
        "label": 1
    }, 
    "823310912140537863": {
        "pred": 1, 
        "label": 0
    }, 
    "694514029121949696": {
        "pred": 1, 
        "label": 0
    }, 
    "851638105492910080": {
        "pred": 1, 
        "label": 0
    }, 
    "921247351674687488": {
        "pred": 0, 
        "label": 1
    }, 
    "820050301281533952": {
        "pred": 1, 
        "label": 0
    }, 
    "819685868478795781": {
        "pred": 0, 
        "label": 1
    }, 
    "822955217549344768": {
        "pred": 0, 
        "label": 1
    }, 
    "820057813988872192": {
        "pred": 1, 
        "label": 0
    }, 
    "692304634870763521": {
        "pred": 0, 
        "label": 1
    }, 
    "823310708662222850": {
        "pred": 0, 
        "label": 1
    }, 
    "820050009727057921": {
        "pred": 0, 
        "label": 1
    }, 
    "819330272802050048": {
        "pred": 1, 
        "label": 0
    }, 
    "816740210822303763": {
        "pred": 1, 
        "label": 0
    }, 
    "820052902379188224": {
        "pred": 1, 
        "label": 0
    }, 
    "819326117194637314": {
        "pred": 1, 
        "label": 0
    }, 
    "905162339036655616": {
        "pred": 1, 
        "label": 0
    }, 
    "855067937601974272": {
        "pred": 1, 
        "label": 0
    }, 
    "823318829535285248": {
        "pred": 1, 
        "label": 0
    }, 
    "725801399460745216": {
        "pred": 0, 
        "label": 1
    }, 
    "858489003213017088": {
        "pred": 1, 
        "label": 0
    }, 
    "692330929432432640": {
        "pred": 1, 
        "label": 0
    }, 
    "820055858629382144": {
        "pred": 1, 
        "label": 0
    }, 
    "823318120131608577": {
        "pred": 1, 
        "label": 0
    }, 
    "736087928628084738": {
        "pred": 1, 
        "label": 0
    }, 
    "729987628028801024": {
        "pred": 0, 
        "label": 1
    }, 
    "817516766033285120": {
        "pred": 0, 
        "label": 1
    }, 
    "822584826037436420": {
        "pred": 0, 
        "label": 1
    }, 
    "820410628452077568": {
        "pred": 1, 
        "label": 0
    }, 
    "821868954759131138": {
        "pred": 1, 
        "label": 0
    }, 
    "934826357296631808": {
        "pred": 0, 
        "label": 1
    }, 
    "820415787349508096": {
        "pred": 0, 
        "label": 1
    }, 
    "820050806846189569": {
        "pred": 1, 
        "label": 0
    }, 
    "822226351268761601": {
        "pred": 0, 
        "label": 1
    }, 
    "718614378883477504": {
        "pred": 1, 
        "label": 0
    }, 
    "736082451424890881": {
        "pred": 0, 
        "label": 1
    }, 
    "877191575067127809": {
        "pred": 0, 
        "label": 1
    }, 
    "820415727978979330": {
        "pred": 0, 
        "label": 1
    }, 
    "909433560712597504": {
        "pred": 1, 
        "label": 0
    }, 
    "820054311623196672": {
        "pred": 1, 
        "label": 0
    }, 
    "819688397266505728": {
        "pred": 1, 
        "label": 0
    }, 
    "822228485422940160": {
        "pred": 0, 
        "label": 1
    }, 
    "879496038687547392": {
        "pred": 0, 
        "label": 1
    }, 
    "848178592383160320": {
        "pred": 1, 
        "label": 0
    }, 
    "820048995099770880": {
        "pred": 0, 
        "label": 1
    }, 
    "822224708015898625": {
        "pred": 1, 
        "label": 0
    }, 
    "710870841664409601": {
        "pred": 0, 
        "label": 1
    }, 
    "819325066269704192": {
        "pred": 1, 
        "label": 0
    }, 
    "821505383130800133": {
        "pred": 1, 
        "label": 0
    }, 
    "827619548610310148": {
        "pred": 1, 
        "label": 0
    }, 
    "816795830933917696": {
        "pred": 1, 
        "label": 0
    }, 
    "921594955138781184": {
        "pred": 0, 
        "label": 1
    }, 
    "822815885761138692": {
        "pred": 0, 
        "label": 1
    }, 
    "818240532967079937": {
        "pred": 0, 
        "label": 1
    }, 
    "822586347969986560": {
        "pred": 1, 
        "label": 0
    }, 
    "822255713816715264": {
        "pred": 0, 
        "label": 1
    }, 
    "817517604868882432": {
        "pred": 0, 
        "label": 1
    }, 
    "823309191003721728": {
        "pred": 0, 
        "label": 1
    }, 
    "918550230546690048": {
        "pred": 0, 
        "label": 1
    }, 
    "870411295366971393": {
        "pred": 0, 
        "label": 1
    }, 
    "822229394974384129": {
        "pred": 1, 
        "label": 0
    }, 
    "817516791064854529": {
        "pred": 1, 
        "label": 0
    }, 
    "820053284744548354": {
        "pred": 1, 
        "label": 0
    }, 
    "821507099817607168": {
        "pred": 1, 
        "label": 0
    }, 
    "768541128174006276": {
        "pred": 0, 
        "label": 1
    }, 
    "829713774055682048": {
        "pred": 0, 
        "label": 1
    }, 
    "823310221342900225": {
        "pred": 0, 
        "label": 1
    }, 
    "714738569219321860": {
        "pred": 1, 
        "label": 0
    }, 
    "711600744223391744": {
        "pred": 0, 
        "label": 1
    }, 
    "728938770842669058": {
        "pred": 0, 
        "label": 1
    }, 
    "706359669653045249": {
        "pred": 0, 
        "label": 1
    }, 
    "827844035083698176": {
        "pred": 0, 
        "label": 1
    }, 
    "826543404897165312": {
        "pred": 1, 
        "label": 0
    }, 
    "939769831481516032": {
        "pred": 0, 
        "label": 1
    }, 
    "819688638766166018": {
        "pred": 1, 
        "label": 0
    }, 
    "820413273694674944": {
        "pred": 1, 
        "label": 0
    }, 
    "820411759043325952": {
        "pred": 1, 
        "label": 0
    }, 
    "820050414620045312": {
        "pred": 0, 
        "label": 1
    }, 
    "822587680856932357": {
        "pred": 1, 
        "label": 0
    }, 
    "916723908379860992": {
        "pred": 1, 
        "label": 0
    }, 
    "818239080924381184": {
        "pred": 1, 
        "label": 0
    }, 
    "819330595146829824": {
        "pred": 1, 
        "label": 0
    }, 
    "688016874370674695": {
        "pred": 0, 
        "label": 1
    }, 
    "821504287469666305": {
        "pred": 1, 
        "label": 0
    }, 
    "822226869365907456": {
        "pred": 1, 
        "label": 0
    }, 
    "825508391871184897": {
        "pred": 1, 
        "label": 0
    }, 
    "707741717881950209": {
        "pred": 1, 
        "label": 0
    }, 
    "822952277119897600": {
        "pred": 1, 
        "label": 0
    }, 
    "819327539495796737": {
        "pred": 1, 
        "label": 0
    }, 
    "818245875726249985": {
        "pred": 1, 
        "label": 0
    }, 
    "820410240764116992": {
        "pred": 1, 
        "label": 0
    }, 
    "706289587212124160": {
        "pred": 0, 
        "label": 1
    }, 
    "712810737811505153": {
        "pred": 0, 
        "label": 1
    }, 
    "693410085620461569": {
        "pred": 0, 
        "label": 1
    }, 
    "818242177436385280": {
        "pred": 1, 
        "label": 0
    }, 
    "817519603089899524": {
        "pred": 1, 
        "label": 0
    }, 
    "821505970824093697": {
        "pred": 1, 
        "label": 0
    }, 
    "819687354386546689": {
        "pred": 1, 
        "label": 0
    }, 
    "823479162656657408": {
        "pred": 0, 
        "label": 1
    }, 
    "822586336125321222": {
        "pred": 1, 
        "label": 0
    }, 
    "821504158696177664": {
        "pred": 0, 
        "label": 1
    }, 
    "837603544895217665": {
        "pred": 1, 
        "label": 0
    }, 
    "870132473056829440": {
        "pred": 1, 
        "label": 0
    }, 
    "819330965730426881": {
        "pred": 1, 
        "label": 0
    }, 
    "822593333260328961": {
        "pred": 1, 
        "label": 0
    }, 
    "818241628330749952": {
        "pred": 1, 
        "label": 0
    }, 
    "882067719184674816": {
        "pred": 0, 
        "label": 1
    }, 
    "817158696534994944": {
        "pred": 1, 
        "label": 0
    }, 
    "819693140131069954": {
        "pred": 1, 
        "label": 0
    }, 
    "820410053995819008": {
        "pred": 1, 
        "label": 0
    }, 
    "834633247443255301": {
        "pred": 1, 
        "label": 0
    }, 
    "823314560073482240": {
        "pred": 1, 
        "label": 0
    }, 
    "818237826760318976": {
        "pred": 0, 
        "label": 1
    }, 
    "818606574755160064": {
        "pred": 1, 
        "label": 0
    }, 
    "839856340755496960": {
        "pred": 0, 
        "label": 1
    }, 
    "832077099523567617": {
        "pred": 1, 
        "label": 0
    }, 
    "735081946548576256": {
        "pred": 0, 
        "label": 1
    }, 
    "820052841268187140": {
        "pred": 0, 
        "label": 1
    }, 
    "822828196714442753": {
        "pred": 0, 
        "label": 1
    }, 
    "736022497783652352": {
        "pred": 0, 
        "label": 1
    }, 
    "683363557321388032": {
        "pred": 0, 
        "label": 1
    }, 
    "828652835915124736": {
        "pred": 1, 
        "label": 0
    }, 
    "817516494317875201": {
        "pred": 1, 
        "label": 0
    }, 
    "925034111747665920": {
        "pred": 1, 
        "label": 0
    }, 
    "685173919058407424": {
        "pred": 0, 
        "label": 1
    }, 
    "819688392879443968": {
        "pred": 1, 
        "label": 0
    }, 
    "899242438019215361": {
        "pred": 0, 
        "label": 1
    }, 
    "820413455958151168": {
        "pred": 1, 
        "label": 0
    }, 
    "820410063768555520": {
        "pred": 1, 
        "label": 0
    }, 
    "852999253349847046": {
        "pred": 1, 
        "label": 0
    }, 
    "822956074105851904": {
        "pred": 1, 
        "label": 0
    }, 
    "724007134262902784": {
        "pred": 0, 
        "label": 1
    }, 
    "895235112354406403": {
        "pred": 0, 
        "label": 1
    }, 
    "832465045921558529": {
        "pred": 1, 
        "label": 0
    }, 
    "822588328713289728": {
        "pred": 1, 
        "label": 0
    }, 
    "823010756836921344": {
        "pred": 0, 
        "label": 1
    }, 
    "817521094752141314": {
        "pred": 1, 
        "label": 0
    }, 
    "819685425170251778": {
        "pred": 1, 
        "label": 0
    }, 
    "815444754204721152": {
        "pred": 1, 
        "label": 0
    }, 
    "847145698965573632": {
        "pred": 1, 
        "label": 0
    }, 
    "818239064763666433": {
        "pred": 1, 
        "label": 0
    }, 
    "821868425127411713": {
        "pred": 1, 
        "label": 0
    }, 
    "721349486790975488": {
        "pred": 0, 
        "label": 1
    }, 
    "822956471021424641": {
        "pred": 1, 
        "label": 0
    }, 
    "715633565334167552": {
        "pred": 0, 
        "label": 1
    }, 
    "819689484849713152": {
        "pred": 0, 
        "label": 1
    }, 
    "908536139446755328": {
        "pred": 1, 
        "label": 0
    }, 
    "946524645032976385": {
        "pred": 1, 
        "label": 0
    }, 
    "715670001940697088": {
        "pred": 0, 
        "label": 1
    }, 
    "889113302894166016": {
        "pred": 1, 
        "label": 0
    }, 
    "871437724158480385": {
        "pred": 0, 
        "label": 1
    }, 
    "818606510368505856": {
        "pred": 1, 
        "label": 0
    }, 
    "819325533439725568": {
        "pred": 1, 
        "label": 0
    }, 
    "819158842147803136": {
        "pred": 1, 
        "label": 0
    }, 
    "818605284537077772": {
        "pred": 1, 
        "label": 0
    }, 
    "822947210451152897": {
        "pred": 0, 
        "label": 1
    }, 
    "816796312075141120": {
        "pred": 1, 
        "label": 0
    }, 
    "938424698551046144": {
        "pred": 1, 
        "label": 0
    }, 
    "823310253005619201": {
        "pred": 1, 
        "label": 0
    }, 
    "820781722505768961": {
        "pred": 1, 
        "label": 0
    }, 
    "819690485899993088": {
        "pred": 1, 
        "label": 0
    }, 
    "819330118279696384": {
        "pred": 1, 
        "label": 0
    }, 
    "817518874103054336": {
        "pred": 1, 
        "label": 0
    }, 
    "871809735699214340": {
        "pred": 1, 
        "label": 0
    }, 
    "939591306392821760": {
        "pred": 0, 
        "label": 1
    }, 
    "856922165928755203": {
        "pred": 0, 
        "label": 1
    }, 
    "822223925312704512": {
        "pred": 1, 
        "label": 0
    }, 
    "823616855252336640": {
        "pred": 0, 
        "label": 1
    }, 
    "817518220932509699": {
        "pred": 1, 
        "label": 0
    }, 
    "926589171606663169": {
        "pred": 1, 
        "label": 0
    }, 
    "879827272244396033": {
        "pred": 0, 
        "label": 1
    }, 
    "820050506059902976": {
        "pred": 1, 
        "label": 0
    }, 
    "752431172672626691": {
        "pred": 0, 
        "label": 1
    }, 
    "823310097711583233": {
        "pred": 0, 
        "label": 1
    }, 
    "725284784763711488": {
        "pred": 0, 
        "label": 1
    }, 
    "822224826844647424": {
        "pred": 1, 
        "label": 0
    }, 
    "885475990138486785": {
        "pred": 0, 
        "label": 1
    }, 
    "822949133203881984": {
        "pred": 1, 
        "label": 0
    }, 
    "832381483566379009": {
        "pred": 1, 
        "label": 0
    }, 
    "873360782548971521": {
        "pred": 0, 
        "label": 1
    }, 
    "822588505931059200": {
        "pred": 1, 
        "label": 0
    }, 
    "859056671179636737": {
        "pred": 0, 
        "label": 1
    }, 
    "823314811522007040": {
        "pred": 0, 
        "label": 1
    }, 
    "819330641531727873": {
        "pred": 0, 
        "label": 1
    }, 
    "693217080062005249": {
        "pred": 0, 
        "label": 1
    }, 
    "820409909778976768": {
        "pred": 1, 
        "label": 0
    }, 
    "715638264795779072": {
        "pred": 1, 
        "label": 0
    }, 
    "830103394714939392": {
        "pred": 0, 
        "label": 1
    }, 
    "819329669677846529": {
        "pred": 1, 
        "label": 0
    }, 
    "823312523457949696": {
        "pred": 1, 
        "label": 0
    }, 
    "819330897862414336": {
        "pred": 1, 
        "label": 0
    }, 
    "937879622255030275": {
        "pred": 0, 
        "label": 1
    }, 
    "818603379794419712": {
        "pred": 1, 
        "label": 0
    }, 
    "822948645695844353": {
        "pred": 1, 
        "label": 0
    }, 
    "820050428775829505": {
        "pred": 1, 
        "label": 0
    }, 
    "822586053819240449": {
        "pred": 0, 
        "label": 1
    }, 
    "820054558953050112": {
        "pred": 1, 
        "label": 0
    }, 
    "822956340528222209": {
        "pred": 0, 
        "label": 1
    }, 
    "940264356675284993": {
        "pred": 1, 
        "label": 0
    }, 
    "823311332048896000": {
        "pred": 1, 
        "label": 0
    }, 
    "706657778140471298": {
        "pred": 0, 
        "label": 1
    }, 
    "855124796291600384": {
        "pred": 0, 
        "label": 1
    }, 
    "823315070423797760": {
        "pred": 1, 
        "label": 0
    }, 
    "818244581762351104": {
        "pred": 1, 
        "label": 0
    }, 
    "921779205842657280": {
        "pred": 0, 
        "label": 1
    }, 
    "725111766426886144": {
        "pred": 1, 
        "label": 0
    }, 
    "692580725133045760": {
        "pred": 1, 
        "label": 0
    }, 
    "883786830646312960": {
        "pred": 0, 
        "label": 1
    }, 
    "856978263993978881": {
        "pred": 1, 
        "label": 0
    }, 
    "939526417695481856": {
        "pred": 1, 
        "label": 0
    }, 
    "913433776931397633": {
        "pred": 0, 
        "label": 1
    }, 
    "817051619334311936": {
        "pred": 0, 
        "label": 1
    }, 
    "819694403870720004": {
        "pred": 0, 
        "label": 1
    }, 
    "872278451612377089": {
        "pred": 1, 
        "label": 0
    }, 
    "724226487931510784": {
        "pred": 0, 
        "label": 1
    }, 
    "822950049655046145": {
        "pred": 0, 
        "label": 1
    }, 
    "693227436452945920": {
        "pred": 0, 
        "label": 1
    }, 
    "715681844763566080": {
        "pred": 0, 
        "label": 1
    }, 
    "816263460656992256": {
        "pred": 1, 
        "label": 0
    }, 
    "819689929018142720": {
        "pred": 1, 
        "label": 0
    }, 
    "841528734964310016": {
        "pred": 1, 
        "label": 0
    }, 
    "787481394536648704": {
        "pred": 1, 
        "label": 0
    }, 
    "891992720838971392": {
        "pred": 0, 
        "label": 1
    }, 
    "879279227492814848": {
        "pred": 1, 
        "label": 0
    }, 
    "832079046351667200": {
        "pred": 0, 
        "label": 1
    }, 
    "818605024616075264": {
        "pred": 1, 
        "label": 0
    }, 
    "822226113061601284": {
        "pred": 1, 
        "label": 0
    }, 
    "703371915344404480": {
        "pred": 0, 
        "label": 1
    }, 
    "822954933515382784": {
        "pred": 1, 
        "label": 0
    }, 
    "822593889282510848": {
        "pred": 1, 
        "label": 0
    }, 
    "818240034629386243": {
        "pred": 1, 
        "label": 0
    }, 
    "834651156622213120": {
        "pred": 1, 
        "label": 0
    }, 
    "691878605782171648": {
        "pred": 0, 
        "label": 1
    }, 
    "817518326855266304": {
        "pred": 1, 
        "label": 0
    }, 
    "820414200300392449": {
        "pred": 1, 
        "label": 0
    }, 
    "818241100318130177": {
        "pred": 0, 
        "label": 1
    }, 
    "819935492326047745": {
        "pred": 1, 
        "label": 0
    }, 
    "822225536466325504": {
        "pred": 1, 
        "label": 0
    }, 
    "892038477742837762": {
        "pred": 0, 
        "label": 1
    }, 
    "732839122239377408": {
        "pred": 0, 
        "label": 1
    }, 
    "822584628489912321": {
        "pred": 0, 
        "label": 1
    }, 
    "865488370838851585": {
        "pred": 0, 
        "label": 1
    }, 
    "823419841088458752": {
        "pred": 0, 
        "label": 1
    }, 
    "892325153262239749": {
        "pred": 0, 
        "label": 1
    }, 
    "820781416099303424": {
        "pred": 1, 
        "label": 0
    }, 
    "724872310503657472": {
        "pred": 1, 
        "label": 0
    }, 
    "819689074369921025": {
        "pred": 1, 
        "label": 0
    }, 
    "822226408965623810": {
        "pred": 1, 
        "label": 0
    }, 
    "819692589687382017": {
        "pred": 1, 
        "label": 0
    }, 
    "696016995611975681": {
        "pred": 1, 
        "label": 0
    }, 
    "822225009716396032": {
        "pred": 0, 
        "label": 1
    }, 
    "819325209404506113": {
        "pred": 1, 
        "label": 0
    }, 
    "820781773722357760": {
        "pred": 1, 
        "label": 0
    }, 
    "818603990917136384": {
        "pred": 1, 
        "label": 0
    }, 
    "874088779853647872": {
        "pred": 0, 
        "label": 1
    }, 
    "847253835810709508": {
        "pred": 0, 
        "label": 1
    }, 
    "830030205938913280": {
        "pred": 0, 
        "label": 1
    }, 
    "820781915917717505": {
        "pred": 1, 
        "label": 0
    }, 
    "821507053965418496": {
        "pred": 1, 
        "label": 0
    }, 
    "818608268083863552": {
        "pred": 1, 
        "label": 0
    }, 
    "830233270164000768": {
        "pred": 0, 
        "label": 1
    }, 
    "819694849985232896": {
        "pred": 1, 
        "label": 0
    }, 
    "819689318037995520": {
        "pred": 1, 
        "label": 0
    }, 
    "822226883601309696": {
        "pred": 0, 
        "label": 1
    }, 
    "822591009372704768": {
        "pred": 1, 
        "label": 0
    }, 
    "815985320088899584": {
        "pred": 0, 
        "label": 1
    }, 
    "819329674861940737": {
        "pred": 1, 
        "label": 0
    }, 
    "820417952260333568": {
        "pred": 1, 
        "label": 0
    }, 
    "820054163744641025": {
        "pred": 1, 
        "label": 0
    }, 
    "823309841959567362": {
        "pred": 1, 
        "label": 0
    }, 
    "904812124555296768": {
        "pred": 1, 
        "label": 0
    }, 
    "818608007005270016": {
        "pred": 1, 
        "label": 0
    }, 
    "683295117847969793": {
        "pred": 0, 
        "label": 1
    }, 
    "921278376085803008": {
        "pred": 0, 
        "label": 1
    }, 
    "819405173680242689": {
        "pred": 1, 
        "label": 0
    }, 
    "822230193083322368": {
        "pred": 1, 
        "label": 0
    }, 
    "820420186780016642": {
        "pred": 1, 
        "label": 0
    }, 
    "817518494417829889": {
        "pred": 0, 
        "label": 1
    }, 
    "835627007383764992": {
        "pred": 0, 
        "label": 1
    }, 
    "846593349939290112": {
        "pred": 1, 
        "label": 0
    }, 
    "822952476517265408": {
        "pred": 1, 
        "label": 0
    }, 
    "820057165536882689": {
        "pred": 1, 
        "label": 0
    }, 
    "818606156927135746": {
        "pred": 0, 
        "label": 1
    }, 
    "918662682089345025": {
        "pred": 1, 
        "label": 0
    }, 
    "846123180553068544": {
        "pred": 0, 
        "label": 1
    }, 
    "818204225423503360": {
        "pred": 0, 
        "label": 1
    }, 
    "832958763510423552": {
        "pred": 0, 
        "label": 1
    }, 
    "820050443229347840": {
        "pred": 1, 
        "label": 0
    }, 
    "915168200471572480": {
        "pred": 0, 
        "label": 1
    }, 
    "822986535339311105": {
        "pred": 1, 
        "label": 0
    }, 
    "823318569161256962": {
        "pred": 0, 
        "label": 1
    }, 
    "822226559687757824": {
        "pred": 1, 
        "label": 0
    }, 
    "819688422788972545": {
        "pred": 1, 
        "label": 0
    }, 
    "819330100915216384": {
        "pred": 0, 
        "label": 1
    }, 
    "899495544128626688": {
        "pred": 1, 
        "label": 0
    }, 
    "819325018702286848": {
        "pred": 0, 
        "label": 1
    }, 
    "818240388586700800": {
        "pred": 1, 
        "label": 0
    }, 
    "820410238297702400": {
        "pred": 1, 
        "label": 0
    }, 
    "822955272733949952": {
        "pred": 1, 
        "label": 0
    }, 
    "867701304780402689": {
        "pred": 0, 
        "label": 1
    }, 
    "700019987419959296": {
        "pred": 1, 
        "label": 0
    }, 
    "921722988059295750": {
        "pred": 1, 
        "label": 0
    }, 
    "716702861350993920": {
        "pred": 0, 
        "label": 1
    }, 
    "702567925698338816": {
        "pred": 0, 
        "label": 1
    }, 
    "723578719651147776": {
        "pred": 0, 
        "label": 1
    }, 
    "904053997216116736": {
        "pred": 0, 
        "label": 1
    }, 
    "716011035115831296": {
        "pred": 1, 
        "label": 0
    }, 
    "820412091081359360": {
        "pred": 1, 
        "label": 0
    }, 
    "861946619478110208": {
        "pred": 0, 
        "label": 1
    }, 
    "884120962748342272": {
        "pred": 0, 
        "label": 1
    }, 
    "819328538465562624": {
        "pred": 1, 
        "label": 0
    }, 
    "818605360932065280": {
        "pred": 1, 
        "label": 0
    }, 
    "715887235137212416": {
        "pred": 1, 
        "label": 0
    }, 
    "822950042218668033": {
        "pred": 1, 
        "label": 0
    }, 
    "913996985266462721": {
        "pred": 1, 
        "label": 0
    }, 
    "911105397972336640": {
        "pred": 0, 
        "label": 1
    }, 
    "816796252159537156": {
        "pred": 1, 
        "label": 0
    }, 
    "818239991088316416": {
        "pred": 1, 
        "label": 0
    }, 
    "702578148110680064": {
        "pred": 0, 
        "label": 1
    }, 
    "865079610601492480": {
        "pred": 1, 
        "label": 0
    }, 
    "819328836483551235": {
        "pred": 1, 
        "label": 0
    }, 
    "817158655581618176": {
        "pred": 1, 
        "label": 0
    }, 
    "726506255683039232": {
        "pred": 1, 
        "label": 0
    }, 
    "822591613969006596": {
        "pred": 1, 
        "label": 0
    }, 
    "860293720352182273": {
        "pred": 0, 
        "label": 1
    }
}