{
    "734072671940530176": {
        "pred": 0, 
        "label": 1
    }, 
    "855124796291600384": {
        "pred": 0, 
        "label": 1
    }, 
    "685173919058407424": {
        "pred": 0, 
        "label": 1
    }, 
    "716702861350993920": {
        "pred": 0, 
        "label": 1
    }, 
    "702567925698338816": {
        "pred": 0, 
        "label": 1
    }, 
    "723578719651147776": {
        "pred": 0, 
        "label": 1
    }, 
    "817516766033285120": {
        "pred": 0, 
        "label": 1
    }, 
    "830030205938913280": {
        "pred": 0, 
        "label": 1
    }, 
    "873360782548971521": {
        "pred": 0, 
        "label": 1
    }, 
    "696008220578414596": {
        "pred": 0, 
        "label": 1
    }, 
    "934826357296631808": {
        "pred": 0, 
        "label": 1
    }, 
    "911105397972336640": {
        "pred": 0, 
        "label": 1
    }, 
    "832958763510423552": {
        "pred": 0, 
        "label": 1
    }, 
    "837682838963109890": {
        "pred": 0, 
        "label": 1
    }, 
    "693227436452945920": {
        "pred": 0, 
        "label": 1
    }, 
    "915168200471572480": {
        "pred": 0, 
        "label": 1
    }, 
    "830103394714939392": {
        "pred": 0, 
        "label": 1
    }, 
    "918550230546690048": {
        "pred": 0, 
        "label": 1
    }, 
    "691321835141611527": {
        "pred": 0, 
        "label": 1
    }, 
    "755115255114629124": {
        "pred": 0, 
        "label": 1
    }, 
    "712979546828619776": {
        "pred": 0, 
        "label": 1
    }, 
    "856922165928755203": {
        "pred": 0, 
        "label": 1
    }, 
    "721349486790975488": {
        "pred": 0, 
        "label": 1
    }, 
    "871437724158480385": {
        "pred": 0, 
        "label": 1
    }, 
    "692304634870763521": {
        "pred": 0, 
        "label": 1
    }, 
    "715633565334167552": {
        "pred": 0, 
        "label": 1
    }, 
    "860293720352182273": {
        "pred": 0, 
        "label": 1
    }, 
    "891992720838971392": {
        "pred": 0, 
        "label": 1
    }
}