{
    "819326117194637314": {
        "pred": 1, 
        "label": 0
    }, 
    "817516494317875201": {
        "pred": 1, 
        "label": 0
    }, 
    "822593889282510848": {
        "pred": 1, 
        "label": 0
    }, 
    "823313026799509505": {
        "pred": 1, 
        "label": 0
    }, 
    "818239064763666433": {
        "pred": 1, 
        "label": 0
    }, 
    "820055858629382144": {
        "pred": 1, 
        "label": 0
    }, 
    "818240034629386243": {
        "pred": 1, 
        "label": 0
    }, 
    "823318120131608577": {
        "pred": 1, 
        "label": 0
    }, 
    "822956074105851904": {
        "pred": 1, 
        "label": 0
    }, 
    "820413455958151168": {
        "pred": 1, 
        "label": 0
    }, 
    "819327594612985856": {
        "pred": 1, 
        "label": 0
    }, 
    "820410628452077568": {
        "pred": 1, 
        "label": 0
    }, 
    "821868954759131138": {
        "pred": 1, 
        "label": 0
    }, 
    "819688422788972545": {
        "pred": 1, 
        "label": 0
    }, 
    "822588328713289728": {
        "pred": 1, 
        "label": 0
    }, 
    "820050806846189569": {
        "pred": 1, 
        "label": 0
    }, 
    "817521094752141314": {
        "pred": 1, 
        "label": 0
    }, 
    "819685425170251778": {
        "pred": 1, 
        "label": 0
    }, 
    "718614378883477504": {
        "pred": 1, 
        "label": 0
    }, 
    "823315508531523585": {
        "pred": 1, 
        "label": 0
    }, 
    "819688392879443968": {
        "pred": 1, 
        "label": 0
    }, 
    "882647719776587776": {
        "pred": 1, 
        "label": 0
    }, 
    "820781416099303424": {
        "pred": 1, 
        "label": 0
    }, 
    "820411373914038272": {
        "pred": 1, 
        "label": 0
    }, 
    "909433560712597504": {
        "pred": 1, 
        "label": 0
    }, 
    "820054311623196672": {
        "pred": 1, 
        "label": 0
    }, 
    "858489003213017088": {
        "pred": 1, 
        "label": 0
    }, 
    "818237923929657345": {
        "pred": 1, 
        "label": 0
    }, 
    "821868425127411713": {
        "pred": 1, 
        "label": 0
    }, 
    "819327505249292292": {
        "pred": 1, 
        "label": 0
    }, 
    "822226408965623810": {
        "pred": 1, 
        "label": 0
    }, 
    "819692589687382017": {
        "pred": 1, 
        "label": 0
    }, 
    "822956471021424641": {
        "pred": 1, 
        "label": 0
    }, 
    "822584561787957249": {
        "pred": 1, 
        "label": 0
    }, 
    "818242205521481729": {
        "pred": 1, 
        "label": 0
    }, 
    "821504592135553024": {
        "pred": 1, 
        "label": 0
    }, 
    "819325209404506113": {
        "pred": 1, 
        "label": 0
    }, 
    "818603990917136384": {
        "pred": 1, 
        "label": 0
    }, 
    "819688397266505728": {
        "pred": 1, 
        "label": 0
    }, 
    "946524645032976385": {
        "pred": 1, 
        "label": 0
    }, 
    "822224708015898625": {
        "pred": 1, 
        "label": 0
    }, 
    "825508391871184897": {
        "pred": 1, 
        "label": 0
    }, 
    "819325066269704192": {
        "pred": 1, 
        "label": 0
    }, 
    "818606510368505856": {
        "pred": 1, 
        "label": 0
    }, 
    "819325533439725568": {
        "pred": 1, 
        "label": 0
    }, 
    "816795830933917696": {
        "pred": 1, 
        "label": 0
    }, 
    "821507053965418496": {
        "pred": 1, 
        "label": 0
    }, 
    "818608268083863552": {
        "pred": 1, 
        "label": 0
    }, 
    "816796312075141120": {
        "pred": 1, 
        "label": 0
    }, 
    "938424698551046144": {
        "pred": 1, 
        "label": 0
    }, 
    "823310912140537863": {
        "pred": 1, 
        "label": 0
    }, 
    "823310253005619201": {
        "pred": 1, 
        "label": 0
    }, 
    "819690485899993088": {
        "pred": 1, 
        "label": 0
    }, 
    "819694849985232896": {
        "pred": 1, 
        "label": 0
    }, 
    "817518874103054336": {
        "pred": 1, 
        "label": 0
    }, 
    "819330897862414336": {
        "pred": 1, 
        "label": 0
    }, 
    "822223925312704512": {
        "pred": 1, 
        "label": 0
    }, 
    "820053284744548354": {
        "pred": 1, 
        "label": 0
    }, 
    "821507099817607168": {
        "pred": 1, 
        "label": 0
    }, 
    "820054754160164865": {
        "pred": 1, 
        "label": 0
    }, 
    "820417952260333568": {
        "pred": 1, 
        "label": 0
    }, 
    "820054163744641025": {
        "pred": 1, 
        "label": 0
    }, 
    "820413273694674944": {
        "pred": 1, 
        "label": 0
    }, 
    "823309841959567362": {
        "pred": 1, 
        "label": 0
    }, 
    "817518220932509699": {
        "pred": 1, 
        "label": 0
    }, 
    "823318829535285248": {
        "pred": 1, 
        "label": 0
    }, 
    "820414200300392449": {
        "pred": 1, 
        "label": 0
    }, 
    "820050506059902976": {
        "pred": 1, 
        "label": 0
    }, 
    "819689074369921025": {
        "pred": 1, 
        "label": 0
    }, 
    "821869671225901056": {
        "pred": 1, 
        "label": 0
    }, 
    "820781773722357760": {
        "pred": 1, 
        "label": 0
    }, 
    "822224826844647424": {
        "pred": 1, 
        "label": 0
    }, 
    "822230193083322368": {
        "pred": 1, 
        "label": 0
    }, 
    "820420186780016642": {
        "pred": 1, 
        "label": 0
    }, 
    "822586347969986560": {
        "pred": 1, 
        "label": 0
    }, 
    "822952476517265408": {
        "pred": 1, 
        "label": 0
    }, 
    "820411759043325952": {
        "pred": 1, 
        "label": 0
    }, 
    "822953377944522753": {
        "pred": 1, 
        "label": 0
    }, 
    "819323163431477248": {
        "pred": 1, 
        "label": 0
    }, 
    "819689318037995520": {
        "pred": 1, 
        "label": 0
    }, 
    "822587680856932357": {
        "pred": 1, 
        "label": 0
    }, 
    "820414862912196608": {
        "pred": 1, 
        "label": 0
    }, 
    "819329411463811073": {
        "pred": 1, 
        "label": 0
    }, 
    "818239080924381184": {
        "pred": 1, 
        "label": 0
    }, 
    "820050443229347840": {
        "pred": 1, 
        "label": 0
    }, 
    "819329669677846529": {
        "pred": 1, 
        "label": 0
    }, 
    "823312523457949696": {
        "pred": 1, 
        "label": 0
    }, 
    "823311029887270913": {
        "pred": 1, 
        "label": 0
    }, 
    "820052611638272000": {
        "pred": 1, 
        "label": 0
    }, 
    "822226559687757824": {
        "pred": 1, 
        "label": 0
    }, 
    "725111766426886144": {
        "pred": 1, 
        "label": 0
    }, 
    "818603379794419712": {
        "pred": 1, 
        "label": 0
    }, 
    "820050428775829505": {
        "pred": 1, 
        "label": 0
    }, 
    "820054558953050112": {
        "pred": 1, 
        "label": 0
    }, 
    "820409785665327104": {
        "pred": 1, 
        "label": 0
    }, 
    "818240388586700800": {
        "pred": 1, 
        "label": 0
    }, 
    "820410238297702400": {
        "pred": 1, 
        "label": 0
    }, 
    "822952277119897600": {
        "pred": 1, 
        "label": 0
    }, 
    "819327539495796737": {
        "pred": 1, 
        "label": 0
    }, 
    "820410240764116992": {
        "pred": 1, 
        "label": 0
    }, 
    "818242177436385280": {
        "pred": 1, 
        "label": 0
    }, 
    "817519603089899524": {
        "pred": 1, 
        "label": 0
    }, 
    "821505970824093697": {
        "pred": 1, 
        "label": 0
    }, 
    "823315070423797760": {
        "pred": 1, 
        "label": 0
    }, 
    "819687354386546689": {
        "pred": 1, 
        "label": 0
    }, 
    "822226590029361153": {
        "pred": 1, 
        "label": 0
    }, 
    "822225536466325504": {
        "pred": 1, 
        "label": 0
    }, 
    "822586336125321222": {
        "pred": 1, 
        "label": 0
    }, 
    "837603544895217665": {
        "pred": 1, 
        "label": 0
    }, 
    "818605360932065280": {
        "pred": 1, 
        "label": 0
    }, 
    "821504641859014661": {
        "pred": 1, 
        "label": 0
    }, 
    "822950042218668033": {
        "pred": 1, 
        "label": 0
    }, 
    "819330965730426881": {
        "pred": 1, 
        "label": 0
    }, 
    "822593333260328961": {
        "pred": 1, 
        "label": 0
    }, 
    "818242180712120320": {
        "pred": 1, 
        "label": 0
    }, 
    "820054799924297728": {
        "pred": 1, 
        "label": 0
    }, 
    "818239991088316416": {
        "pred": 1, 
        "label": 0
    }, 
    "817158696534994944": {
        "pred": 1, 
        "label": 0
    }, 
    "872278451612377089": {
        "pred": 1, 
        "label": 0
    }, 
    "818242186638659585": {
        "pred": 1, 
        "label": 0
    }, 
    "865079610601492480": {
        "pred": 1, 
        "label": 0
    }, 
    "817516791064854529": {
        "pred": 1, 
        "label": 0
    }, 
    "820410053995819008": {
        "pred": 1, 
        "label": 0
    }, 
    "820050301281533952": {
        "pred": 1, 
        "label": 0
    }, 
    "819328836483551235": {
        "pred": 1, 
        "label": 0
    }, 
    "817158655581618176": {
        "pred": 1, 
        "label": 0
    }, 
    "823314560073482240": {
        "pred": 1, 
        "label": 0
    }, 
    "820057813988872192": {
        "pred": 1, 
        "label": 0
    }, 
    "818606574755160064": {
        "pred": 1, 
        "label": 0
    }, 
    "822591613969006596": {
        "pred": 1, 
        "label": 0
    }, 
    "818608007005270016": {
        "pred": 1, 
        "label": 0
    }, 
    "818605024616075264": {
        "pred": 1, 
        "label": 0
    }, 
    "822226113061601284": {
        "pred": 1, 
        "label": 0
    }, 
    "818241628330749952": {
        "pred": 1, 
        "label": 0
    }, 
    "819330272802050048": {
        "pred": 1, 
        "label": 0
    }
}