{
    "685601583879598084": {
        "pred": 1, 
        "label": 0
    }, 
    "730451262777524224": {
        "pred": 1, 
        "label": 0
    }, 
    "815444754204721152": {
        "pred": 1, 
        "label": 0
    }, 
    "905162339036655616": {
        "pred": 1, 
        "label": 0
    }, 
    "925034111747665920": {
        "pred": 1, 
        "label": 0
    }, 
    "855067937601974272": {
        "pred": 1, 
        "label": 0
    }, 
    "692330929432432640": {
        "pred": 1, 
        "label": 0
    }, 
    "736087928628084738": {
        "pred": 1, 
        "label": 0
    }, 
    "818605284537077772": {
        "pred": 1, 
        "label": 0
    }, 
    "834651156622213120": {
        "pred": 1, 
        "label": 0
    }, 
    "818239390099116033": {
        "pred": 1, 
        "label": 0
    }, 
    "820410063768555520": {
        "pred": 1, 
        "label": 0
    }, 
    "852999253349847046": {
        "pred": 1, 
        "label": 0
    }, 
    "817518326855266304": {
        "pred": 1, 
        "label": 0
    }, 
    "832465045921558529": {
        "pred": 1, 
        "label": 0
    }, 
    "819935492326047745": {
        "pred": 1, 
        "label": 0
    }, 
    "875103880387805184": {
        "pred": 1, 
        "label": 0
    }, 
    "842768786281418756": {
        "pred": 1, 
        "label": 0
    }, 
    "724872310503657472": {
        "pred": 1, 
        "label": 0
    }, 
    "847145698965573632": {
        "pred": 1, 
        "label": 0
    }, 
    "910276317882527744": {
        "pred": 1, 
        "label": 0
    }, 
    "818245174958714880": {
        "pred": 1, 
        "label": 0
    }, 
    "822588505931059200": {
        "pred": 1, 
        "label": 0
    }, 
    "696016995611975681": {
        "pred": 1, 
        "label": 0
    }, 
    "822591009372704768": {
        "pred": 1, 
        "label": 0
    }, 
    "908536139446755328": {
        "pred": 1, 
        "label": 0
    }, 
    "870132473056829440": {
        "pred": 1, 
        "label": 0
    }, 
    "821505383130800133": {
        "pred": 1, 
        "label": 0
    }, 
    "827619548610310148": {
        "pred": 1, 
        "label": 0
    }, 
    "820781915917717505": {
        "pred": 1, 
        "label": 0
    }, 
    "819158842147803136": {
        "pred": 1, 
        "label": 0
    }, 
    "891904969950937088": {
        "pred": 1, 
        "label": 0
    }, 
    "820781722505768961": {
        "pred": 1, 
        "label": 0
    }, 
    "819695185554771968": {
        "pred": 1, 
        "label": 0
    }, 
    "833942362183315456": {
        "pred": 1, 
        "label": 0
    }, 
    "871809735699214340": {
        "pred": 1, 
        "label": 0
    }, 
    "848178592383160320": {
        "pred": 1, 
        "label": 0
    }, 
    "822229394974384129": {
        "pred": 1, 
        "label": 0
    }, 
    "851638105492910080": {
        "pred": 1, 
        "label": 0
    }, 
    "823315345117249540": {
        "pred": 1, 
        "label": 0
    }, 
    "819329674861940737": {
        "pred": 1, 
        "label": 0
    }, 
    "904812124555296768": {
        "pred": 1, 
        "label": 0
    }, 
    "822592749870399492": {
        "pred": 1, 
        "label": 0
    }, 
    "714738569219321860": {
        "pred": 1, 
        "label": 0
    }, 
    "820054162180362241": {
        "pred": 1, 
        "label": 0
    }, 
    "926589171606663169": {
        "pred": 1, 
        "label": 0
    }, 
    "911642559033876481": {
        "pred": 1, 
        "label": 0
    }, 
    "819405173680242689": {
        "pred": 1, 
        "label": 0
    }, 
    "826543404897165312": {
        "pred": 1, 
        "label": 0
    }, 
    "861580977235255296": {
        "pred": 1, 
        "label": 0
    }, 
    "819688638766166018": {
        "pred": 1, 
        "label": 0
    }, 
    "822949133203881984": {
        "pred": 1, 
        "label": 0
    }, 
    "846593349939290112": {
        "pred": 1, 
        "label": 0
    }, 
    "832381483566379009": {
        "pred": 1, 
        "label": 0
    }, 
    "823314457887731712": {
        "pred": 1, 
        "label": 0
    }, 
    "902686058189611008": {
        "pred": 1, 
        "label": 0
    }, 
    "820057165536882689": {
        "pred": 1, 
        "label": 0
    }, 
    "819688404833091584": {
        "pred": 1, 
        "label": 0
    }, 
    "918662682089345025": {
        "pred": 1, 
        "label": 0
    }, 
    "838007434463612929": {
        "pred": 1, 
        "label": 0
    }, 
    "916723908379860992": {
        "pred": 1, 
        "label": 0
    }, 
    "820409909778976768": {
        "pred": 1, 
        "label": 0
    }, 
    "715638264795779072": {
        "pred": 1, 
        "label": 0
    }, 
    "822986535339311105": {
        "pred": 1, 
        "label": 0
    }, 
    "819330595146829824": {
        "pred": 1, 
        "label": 0
    }, 
    "916511907250552833": {
        "pred": 1, 
        "label": 0
    }, 
    "821504287469666305": {
        "pred": 1, 
        "label": 0
    }, 
    "822948645695844353": {
        "pred": 1, 
        "label": 0
    }, 
    "899495544128626688": {
        "pred": 1, 
        "label": 0
    }, 
    "822226869365907456": {
        "pred": 1, 
        "label": 0
    }, 
    "889113302894166016": {
        "pred": 1, 
        "label": 0
    }, 
    "707741717881950209": {
        "pred": 1, 
        "label": 0
    }, 
    "822955272733949952": {
        "pred": 1, 
        "label": 0
    }, 
    "818245875726249985": {
        "pred": 1, 
        "label": 0
    }, 
    "819330118279696384": {
        "pred": 1, 
        "label": 0
    }, 
    "940264356675284993": {
        "pred": 1, 
        "label": 0
    }, 
    "823311332048896000": {
        "pred": 1, 
        "label": 0
    }, 
    "700019987419959296": {
        "pred": 1, 
        "label": 0
    }, 
    "921722988059295750": {
        "pred": 1, 
        "label": 0
    }, 
    "818244581762351104": {
        "pred": 1, 
        "label": 0
    }, 
    "733777709655052288": {
        "pred": 1, 
        "label": 0
    }, 
    "939526417695481856": {
        "pred": 1, 
        "label": 0
    }, 
    "820412091081359360": {
        "pred": 1, 
        "label": 0
    }, 
    "919674045276278789": {
        "pred": 1, 
        "label": 0
    }, 
    "692580725133045760": {
        "pred": 1, 
        "label": 0
    }, 
    "819328538465562624": {
        "pred": 1, 
        "label": 0
    }, 
    "715887235137212416": {
        "pred": 1, 
        "label": 0
    }, 
    "913996985266462721": {
        "pred": 1, 
        "label": 0
    }, 
    "856978263993978881": {
        "pred": 1, 
        "label": 0
    }, 
    "797744788229365760": {
        "pred": 1, 
        "label": 0
    }, 
    "816796252159537156": {
        "pred": 1, 
        "label": 0
    }, 
    "907895635994607616": {
        "pred": 1, 
        "label": 0
    }, 
    "879753350799122432": {
        "pred": 1, 
        "label": 0
    }, 
    "819693140131069954": {
        "pred": 1, 
        "label": 0
    }, 
    "716011035115831296": {
        "pred": 1, 
        "label": 0
    }, 
    "694514029121949696": {
        "pred": 1, 
        "label": 0
    }, 
    "816263460656992256": {
        "pred": 1, 
        "label": 0
    }, 
    "819689929018142720": {
        "pred": 1, 
        "label": 0
    }, 
    "834633247443255301": {
        "pred": 1, 
        "label": 0
    }, 
    "726506255683039232": {
        "pred": 1, 
        "label": 0
    }, 
    "841528734964310016": {
        "pred": 1, 
        "label": 0
    }, 
    "787481394536648704": {
        "pred": 1, 
        "label": 0
    }, 
    "879279227492814848": {
        "pred": 1, 
        "label": 0
    }, 
    "832077099523567617": {
        "pred": 1, 
        "label": 0
    }, 
    "816740210822303763": {
        "pred": 1, 
        "label": 0
    }, 
    "820052902379188224": {
        "pred": 1, 
        "label": 0
    }, 
    "828652835915124736": {
        "pred": 1, 
        "label": 0
    }, 
    "822954933515382784": {
        "pred": 1, 
        "label": 0
    }
}