{
    "819687123125235713": {
        "pred": 0, 
        "label": 1
    }, 
    "945778202315763712": {
        "pred": 0, 
        "label": 1
    }, 
    "937441794303938562": {
        "pred": 0, 
        "label": 1
    }, 
    "892325153262239749": {
        "pred": 0, 
        "label": 1
    }, 
    "729987628028801024": {
        "pred": 0, 
        "label": 1
    }, 
    "899242438019215361": {
        "pred": 0, 
        "label": 1
    }, 
    "862485502141779968": {
        "pred": 0, 
        "label": 1
    }, 
    "822584826037436420": {
        "pred": 0, 
        "label": 1
    }, 
    "691878605782171648": {
        "pred": 0, 
        "label": 1
    }, 
    "819692521697800192": {
        "pred": 0, 
        "label": 1
    }, 
    "724007134262902784": {
        "pred": 0, 
        "label": 1
    }, 
    "820415787349508096": {
        "pred": 0, 
        "label": 1
    }, 
    "895235112354406403": {
        "pred": 0, 
        "label": 1
    }, 
    "819687626798145536": {
        "pred": 0, 
        "label": 1
    }, 
    "819686546676838400": {
        "pred": 0, 
        "label": 1
    }, 
    "818241100318130177": {
        "pred": 0, 
        "label": 1
    }, 
    "823010756836921344": {
        "pred": 0, 
        "label": 1
    }, 
    "722111068311535616": {
        "pred": 0, 
        "label": 1
    }, 
    "822226351268761601": {
        "pred": 0, 
        "label": 1
    }, 
    "892038477742837762": {
        "pred": 0, 
        "label": 1
    }, 
    "732839122239377408": {
        "pred": 0, 
        "label": 1
    }, 
    "822584628489912321": {
        "pred": 0, 
        "label": 1
    }, 
    "865488370838851585": {
        "pred": 0, 
        "label": 1
    }, 
    "819331557777403904": {
        "pred": 0, 
        "label": 1
    }, 
    "823419841088458752": {
        "pred": 0, 
        "label": 1
    }, 
    "717042051074891776": {
        "pred": 0, 
        "label": 1
    }, 
    "736082451424890881": {
        "pred": 0, 
        "label": 1
    }, 
    "725801399460745216": {
        "pred": 0, 
        "label": 1
    }, 
    "877191575067127809": {
        "pred": 0, 
        "label": 1
    }, 
    "820415727978979330": {
        "pred": 0, 
        "label": 1
    }, 
    "852152823638880256": {
        "pred": 0, 
        "label": 1
    }, 
    "822228485422940160": {
        "pred": 0, 
        "label": 1
    }, 
    "861778185415008256": {
        "pred": 0, 
        "label": 1
    }, 
    "879496038687547392": {
        "pred": 0, 
        "label": 1
    }, 
    "822225009716396032": {
        "pred": 0, 
        "label": 1
    }, 
    "819689484849713152": {
        "pred": 0, 
        "label": 1
    }, 
    "820048995099770880": {
        "pred": 0, 
        "label": 1
    }, 
    "827709119465394176": {
        "pred": 0, 
        "label": 1
    }, 
    "874088779853647872": {
        "pred": 0, 
        "label": 1
    }, 
    "710870841664409601": {
        "pred": 0, 
        "label": 1
    }, 
    "847253835810709508": {
        "pred": 0, 
        "label": 1
    }, 
    "938796305161351168": {
        "pred": 0, 
        "label": 1
    }, 
    "921594955138781184": {
        "pred": 0, 
        "label": 1
    }, 
    "822815885761138692": {
        "pred": 0, 
        "label": 1
    }, 
    "821997332346437632": {
        "pred": 0, 
        "label": 1
    }, 
    "822947210451152897": {
        "pred": 0, 
        "label": 1
    }, 
    "818240532967079937": {
        "pred": 0, 
        "label": 1
    }, 
    "715670001940697088": {
        "pred": 0, 
        "label": 1
    }, 
    "822255713816715264": {
        "pred": 0, 
        "label": 1
    }, 
    "820052661680668676": {
        "pred": 0, 
        "label": 1
    }, 
    "830233270164000768": {
        "pred": 0, 
        "label": 1
    }, 
    "817517604868882432": {
        "pred": 0, 
        "label": 1
    }, 
    "823309191003721728": {
        "pred": 0, 
        "label": 1
    }, 
    "822226883601309696": {
        "pred": 0, 
        "label": 1
    }, 
    "870411295366971393": {
        "pred": 0, 
        "label": 1
    }, 
    "939591306392821760": {
        "pred": 0, 
        "label": 1
    }, 
    "823616855252336640": {
        "pred": 0, 
        "label": 1
    }, 
    "815985320088899584": {
        "pred": 0, 
        "label": 1
    }, 
    "822588137503387649": {
        "pred": 0, 
        "label": 1
    }, 
    "685908290010742784": {
        "pred": 0, 
        "label": 1
    }, 
    "881714256512778240": {
        "pred": 0, 
        "label": 1
    }, 
    "768541128174006276": {
        "pred": 0, 
        "label": 1
    }, 
    "829713774055682048": {
        "pred": 0, 
        "label": 1
    }, 
    "823310221342900225": {
        "pred": 0, 
        "label": 1
    }, 
    "683295117847969793": {
        "pred": 0, 
        "label": 1
    }, 
    "711600744223391744": {
        "pred": 0, 
        "label": 1
    }, 
    "728938770842669058": {
        "pred": 0, 
        "label": 1
    }, 
    "706359669653045249": {
        "pred": 0, 
        "label": 1
    }, 
    "879827272244396033": {
        "pred": 0, 
        "label": 1
    }, 
    "827844035083698176": {
        "pred": 0, 
        "label": 1
    }, 
    "752431172672626691": {
        "pred": 0, 
        "label": 1
    }, 
    "823310097711583233": {
        "pred": 0, 
        "label": 1
    }, 
    "939769831481516032": {
        "pred": 0, 
        "label": 1
    }, 
    "725284784763711488": {
        "pred": 0, 
        "label": 1
    }, 
    "885475990138486785": {
        "pred": 0, 
        "label": 1
    }, 
    "817518494417829889": {
        "pred": 0, 
        "label": 1
    }, 
    "835627007383764992": {
        "pred": 0, 
        "label": 1
    }, 
    "859056671179636737": {
        "pred": 0, 
        "label": 1
    }, 
    "820050414620045312": {
        "pred": 0, 
        "label": 1
    }, 
    "907192702294511616": {
        "pred": 0, 
        "label": 1
    }, 
    "818606156927135746": {
        "pred": 0, 
        "label": 1
    }, 
    "823314811522007040": {
        "pred": 0, 
        "label": 1
    }, 
    "846123180553068544": {
        "pred": 0, 
        "label": 1
    }, 
    "818204225423503360": {
        "pred": 0, 
        "label": 1
    }, 
    "856944063945355264": {
        "pred": 0, 
        "label": 1
    }, 
    "819330641531727873": {
        "pred": 0, 
        "label": 1
    }, 
    "693217080062005249": {
        "pred": 0, 
        "label": 1
    }, 
    "702578148110680064": {
        "pred": 0, 
        "label": 1
    }, 
    "927915605281386496": {
        "pred": 0, 
        "label": 1
    }, 
    "921779205842657280": {
        "pred": 0, 
        "label": 1
    }, 
    "823318569161256962": {
        "pred": 0, 
        "label": 1
    }, 
    "688016874370674695": {
        "pred": 0, 
        "label": 1
    }, 
    "937879622255030275": {
        "pred": 0, 
        "label": 1
    }, 
    "819330100915216384": {
        "pred": 0, 
        "label": 1
    }, 
    "835958380879556608": {
        "pred": 0, 
        "label": 1
    }, 
    "822586053819240449": {
        "pred": 0, 
        "label": 1
    }, 
    "889833114674970625": {
        "pred": 0, 
        "label": 1
    }, 
    "819325018702286848": {
        "pred": 0, 
        "label": 1
    }, 
    "883663535414300672": {
        "pred": 0, 
        "label": 1
    }, 
    "706289587212124160": {
        "pred": 0, 
        "label": 1
    }, 
    "822956340528222209": {
        "pred": 0, 
        "label": 1
    }, 
    "712810737811505153": {
        "pred": 0, 
        "label": 1
    }, 
    "867701304780402689": {
        "pred": 0, 
        "label": 1
    }, 
    "706657778140471298": {
        "pred": 0, 
        "label": 1
    }, 
    "693410085620461569": {
        "pred": 0, 
        "label": 1
    }, 
    "823479162656657408": {
        "pred": 0, 
        "label": 1
    }, 
    "904053997216116736": {
        "pred": 0, 
        "label": 1
    }, 
    "828017788539301888": {
        "pred": 0, 
        "label": 1
    }, 
    "821504158696177664": {
        "pred": 0, 
        "label": 1
    }, 
    "820052841268187140": {
        "pred": 0, 
        "label": 1
    }, 
    "883786830646312960": {
        "pred": 0, 
        "label": 1
    }, 
    "721679848599633921": {
        "pred": 0, 
        "label": 1
    }, 
    "884120962748342272": {
        "pred": 0, 
        "label": 1
    }, 
    "913433776931397633": {
        "pred": 0, 
        "label": 1
    }, 
    "817051619334311936": {
        "pred": 0, 
        "label": 1
    }, 
    "882067719184674816": {
        "pred": 0, 
        "label": 1
    }, 
    "700798029595435008": {
        "pred": 0, 
        "label": 1
    }, 
    "819694403870720004": {
        "pred": 0, 
        "label": 1
    }, 
    "724226487931510784": {
        "pred": 0, 
        "label": 1
    }, 
    "822950049655046145": {
        "pred": 0, 
        "label": 1
    }, 
    "819024412829683712": {
        "pred": 0, 
        "label": 1
    }, 
    "921278376085803008": {
        "pred": 0, 
        "label": 1
    }, 
    "715681844763566080": {
        "pred": 0, 
        "label": 1
    }, 
    "921247351674687488": {
        "pred": 0, 
        "label": 1
    }, 
    "818237826760318976": {
        "pred": 0, 
        "label": 1
    }, 
    "819685868478795781": {
        "pred": 0, 
        "label": 1
    }, 
    "822955217549344768": {
        "pred": 0, 
        "label": 1
    }, 
    "832079046351667200": {
        "pred": 0, 
        "label": 1
    }, 
    "839856340755496960": {
        "pred": 0, 
        "label": 1
    }, 
    "735081946548576256": {
        "pred": 0, 
        "label": 1
    }, 
    "861946619478110208": {
        "pred": 0, 
        "label": 1
    }, 
    "823310708662222850": {
        "pred": 0, 
        "label": 1
    }, 
    "820050009727057921": {
        "pred": 0, 
        "label": 1
    }, 
    "822828196714442753": {
        "pred": 0, 
        "label": 1
    }, 
    "736022497783652352": {
        "pred": 0, 
        "label": 1
    }, 
    "683363557321388032": {
        "pred": 0, 
        "label": 1
    }, 
    "703371915344404480": {
        "pred": 0, 
        "label": 1
    }
}