{
    "819686796141481984": {
        "prediction": "1", 
        "label": 0
    }, 
    "818605187451547648": {
        "prediction": "1", 
        "label": 0
    }, 
    "818241503067770882": {
        "prediction": "1", 
        "label": 0
    }, 
    "822949510540361728": {
        "prediction": "1", 
        "label": 0
    }, 
    "822953263058321408": {
        "prediction": "1", 
        "label": 0
    }, 
    "822226893164384257": {
        "prediction": "1", 
        "label": 0
    }, 
    "818237984281661440": {
        "prediction": "1", 
        "label": 0
    }, 
    "820052822859350017": {
        "prediction": "1", 
        "label": 0
    }, 
    "817516483064504321": {
        "prediction": "1", 
        "label": 0
    }, 
    "818604386742050816": {
        "prediction": "1", 
        "label": 0
    }, 
    "818243628023816192": {
        "prediction": "1", 
        "label": 0
    }, 
    "820052872423305216": {
        "prediction": "1", 
        "label": 0
    }, 
    "819327200654663681": {
        "prediction": "1", 
        "label": 0
    }, 
    "820419827454119937": {
        "prediction": "1", 
        "label": 0
    }, 
    "820056579235905536": {
        "prediction": "1", 
        "label": 0
    }, 
    "823313994572333058": {
        "prediction": "1", 
        "label": 0
    }, 
    "822956416713494533": {
        "prediction": "1", 
        "label": 0
    }, 
    "820057591837560832": {
        "prediction": "1", 
        "label": 0
    }, 
    "819324985642663936": {
        "prediction": "1", 
        "label": 0
    }, 
    "819330089909415937": {
        "prediction": "1", 
        "label": 0
    }, 
    "819323276249993216": {
        "prediction": "1", 
        "label": 0
    }
}