{
    "685601583879598084": {
        "prediction": "1", 
        "label": 0
    }, 
    "687339121505734656": {
        "prediction": "0", 
        "label": 1
    }, 
    "819687123125235713": {
        "prediction": "0", 
        "label": 1
    }, 
    "891857837051301890": {
        "prediction": "0", 
        "label": 1
    }, 
    "945778202315763712": {
        "prediction": "0", 
        "label": 1
    }, 
    "709126873645711360": {
        "prediction": "0", 
        "label": 1
    }, 
    "937441794303938562": {
        "prediction": "0", 
        "label": 1
    }, 
    "873511193905856513": {
        "prediction": "0", 
        "label": 1
    }, 
    "828362636513464321": {
        "prediction": "0", 
        "label": 1
    }, 
    "818239390099116033": {
        "prediction": "1", 
        "label": 0
    }, 
    "819692521697800192": {
        "prediction": "0", 
        "label": 1
    }, 
    "819687626798145536": {
        "prediction": "0", 
        "label": 1
    }, 
    "819686546676838400": {
        "prediction": "0", 
        "label": 1
    }, 
    "840367947851943936": {
        "prediction": "0", 
        "label": 1
    }, 
    "900218985140113409": {
        "prediction": "0", 
        "label": 1
    }, 
    "838258483115913217": {
        "prediction": "0", 
        "label": 1
    }, 
    "695371336038756352": {
        "prediction": "0", 
        "label": 1
    }, 
    "819331557777403904": {
        "prediction": "0", 
        "label": 1
    }, 
    "875103880387805184": {
        "prediction": "1", 
        "label": 0
    }, 
    "717042051074891776": {
        "prediction": "0", 
        "label": 1
    }, 
    "842768786281418756": {
        "prediction": "1", 
        "label": 0
    }, 
    "887806971314749440": {
        "prediction": "0", 
        "label": 1
    }, 
    "852152823638880256": {
        "prediction": "0", 
        "label": 1
    }, 
    "822953263058321408": {
        "prediction": "1", 
        "label": 0
    }, 
    "818245174958714880": {
        "prediction": "1", 
        "label": 0
    }, 
    "928872445695553536": {
        "prediction": "0", 
        "label": 1
    }, 
    "934302504057167872": {
        "prediction": "0", 
        "label": 1
    }, 
    "870132473056829440": {
        "prediction": "1", 
        "label": 0
    }, 
    "821997332346437632": {
        "prediction": "0", 
        "label": 1
    }, 
    "831431118016622593": {
        "prediction": "0", 
        "label": 1
    }, 
    "904098404799827968": {
        "prediction": "0", 
        "label": 1
    }, 
    "891904969950937088": {
        "prediction": "1", 
        "label": 0
    }, 
    "820052661680668676": {
        "prediction": "0", 
        "label": 1
    }, 
    "819695185554771968": {
        "prediction": "1", 
        "label": 0
    }, 
    "907358116567814145": {
        "prediction": "0", 
        "label": 1
    }, 
    "833942362183315456": {
        "prediction": "1", 
        "label": 0
    }, 
    "819324985642663936": {
        "prediction": "1", 
        "label": 0
    }, 
    "696097163537948672": {
        "prediction": "0", 
        "label": 1
    }, 
    "882363765655834624": {
        "prediction": "0", 
        "label": 1
    }, 
    "822588137503387649": {
        "prediction": "0", 
        "label": 1
    }, 
    "685908290010742784": {
        "prediction": "0", 
        "label": 1
    }, 
    "881714256512778240": {
        "prediction": "0", 
        "label": 1
    }, 
    "822592749870399492": {
        "prediction": "1", 
        "label": 0
    }, 
    "820054162180362241": {
        "prediction": "1", 
        "label": 0
    }, 
    "801201407164416000": {
        "prediction": "0", 
        "label": 1
    }, 
    "911642559033876481": {
        "prediction": "1", 
        "label": 0
    }, 
    "910276317882527744": {
        "prediction": "1", 
        "label": 0
    }, 
    "827709119465394176": {
        "prediction": "0", 
        "label": 1
    }, 
    "684922233274380288": {
        "prediction": "0", 
        "label": 1
    }, 
    "819323276249993216": {
        "prediction": "1", 
        "label": 0
    }, 
    "861580977235255296": {
        "prediction": "1", 
        "label": 0
    }, 
    "873243814705721345": {
        "prediction": "0", 
        "label": 1
    }, 
    "823314457887731712": {
        "prediction": "1", 
        "label": 0
    }, 
    "902686058189611008": {
        "prediction": "1", 
        "label": 0
    }, 
    "938796305161351168": {
        "prediction": "0", 
        "label": 1
    }, 
    "891742847581302785": {
        "prediction": "0", 
        "label": 1
    }, 
    "819688404833091584": {
        "prediction": "1", 
        "label": 0
    }, 
    "907192702294511616": {
        "prediction": "0", 
        "label": 1
    }, 
    "838007434463612929": {
        "prediction": "1", 
        "label": 0
    }, 
    "725302803070095360": {
        "prediction": "0", 
        "label": 1
    }, 
    "856944063945355264": {
        "prediction": "0", 
        "label": 1
    }, 
    "725395755855278081": {
        "prediction": "0", 
        "label": 1
    }, 
    "927915605281386496": {
        "prediction": "0", 
        "label": 1
    }, 
    "916511907250552833": {
        "prediction": "1", 
        "label": 0
    }, 
    "726501055488471040": {
        "prediction": "0", 
        "label": 1
    }, 
    "717888234064322560": {
        "prediction": "0", 
        "label": 1
    }, 
    "862485502141779968": {
        "prediction": "0", 
        "label": 1
    }, 
    "818237984281661440": {
        "prediction": "1", 
        "label": 0
    }, 
    "829119673719414784": {
        "prediction": "0", 
        "label": 1
    }, 
    "861778185415008256": {
        "prediction": "0", 
        "label": 1
    }, 
    "889833114674970625": {
        "prediction": "0", 
        "label": 1
    }, 
    "851483143555215360": {
        "prediction": "0", 
        "label": 1
    }, 
    "883663535414300672": {
        "prediction": "0", 
        "label": 1
    }, 
    "926433400717824000": {
        "prediction": "0", 
        "label": 1
    }, 
    "715310141998899200": {
        "prediction": "0", 
        "label": 1
    }, 
    "722111068311535616": {
        "prediction": "0", 
        "label": 1
    }, 
    "733777709655052288": {
        "prediction": "1", 
        "label": 0
    }, 
    "828017788539301888": {
        "prediction": "0", 
        "label": 1
    }, 
    "836354513799901184": {
        "prediction": "0", 
        "label": 1
    }, 
    "919674045276278789": {
        "prediction": "1", 
        "label": 0
    }, 
    "834989244007378944": {
        "prediction": "0", 
        "label": 1
    }, 
    "721679848599633921": {
        "prediction": "0", 
        "label": 1
    }, 
    "909025478672998400": {
        "prediction": "0", 
        "label": 1
    }, 
    "797744788229365760": {
        "prediction": "1", 
        "label": 0
    }, 
    "907895635994607616": {
        "prediction": "1", 
        "label": 0
    }, 
    "879753350799122432": {
        "prediction": "1", 
        "label": 0
    }, 
    "700798029595435008": {
        "prediction": "0", 
        "label": 1
    }, 
    "898020546503360512": {
        "prediction": "0", 
        "label": 1
    }, 
    "886767530328588288": {
        "prediction": "0", 
        "label": 1
    }, 
    "819024412829683712": {
        "prediction": "0", 
        "label": 1
    }, 
    "752250366184620032": {
        "prediction": "0", 
        "label": 1
    }, 
    "694514029121949696": {
        "prediction": "1", 
        "label": 0
    }, 
    "851638105492910080": {
        "prediction": "1", 
        "label": 0
    }, 
    "921247351674687488": {
        "prediction": "0", 
        "label": 1
    }, 
    "801692345905258496": {
        "prediction": "0", 
        "label": 1
    }, 
    "819685868478795781": {
        "prediction": "0", 
        "label": 1
    }, 
    "822955217549344768": {
        "prediction": "0", 
        "label": 1
    }, 
    "883524815612772352": {
        "prediction": "0", 
        "label": 1
    }, 
    "823310708662222850": {
        "prediction": "0", 
        "label": 1
    }, 
    "820050009727057921": {
        "prediction": "0", 
        "label": 1
    }, 
    "816740210822303763": {
        "prediction": "1", 
        "label": 0
    }, 
    "820052902379188224": {
        "prediction": "1", 
        "label": 0
    }, 
    "726847431854313472": {
        "prediction": "0", 
        "label": 1
    }, 
    "905162339036655616": {
        "prediction": "1", 
        "label": 0
    }, 
    "855067937601974272": {
        "prediction": "1", 
        "label": 0
    }, 
    "725801399460745216": {
        "prediction": "0", 
        "label": 1
    }, 
    "896700873983840256": {
        "prediction": "0", 
        "label": 1
    }, 
    "692330929432432640": {
        "prediction": "1", 
        "label": 0
    }, 
    "736087928628084738": {
        "prediction": "1", 
        "label": 0
    }, 
    "729987628028801024": {
        "prediction": "0", 
        "label": 1
    }, 
    "818605284537077772": {
        "prediction": "1", 
        "label": 0
    }, 
    "822584826037436420": {
        "prediction": "0", 
        "label": 1
    }, 
    "822588505931059200": {
        "prediction": "1", 
        "label": 0
    }, 
    "706359669653045249": {
        "prediction": "0", 
        "label": 1
    }, 
    "820415787349508096": {
        "prediction": "0", 
        "label": 1
    }, 
    "915222422713962496": {
        "prediction": "0", 
        "label": 1
    }, 
    "936685145469337600": {
        "prediction": "0", 
        "label": 1
    }, 
    "822226351268761601": {
        "prediction": "0", 
        "label": 1
    }, 
    "920014656361652224": {
        "prediction": "0", 
        "label": 1
    }, 
    "684667398843047936": {
        "prediction": "0", 
        "label": 1
    }, 
    "820419827454119937": {
        "prediction": "1", 
        "label": 0
    }, 
    "736082451424890881": {
        "prediction": "0", 
        "label": 1
    }, 
    "877191575067127809": {
        "prediction": "0", 
        "label": 1
    }, 
    "699189047588167680": {
        "prediction": "0", 
        "label": 1
    }, 
    "820415727978979330": {
        "prediction": "0", 
        "label": 1
    }, 
    "724872310503657472": {
        "prediction": "1", 
        "label": 0
    }, 
    "725018007563603969": {
        "prediction": "0", 
        "label": 1
    }, 
    "822228485422940160": {
        "prediction": "0", 
        "label": 1
    }, 
    "879496038687547392": {
        "prediction": "0", 
        "label": 1
    }, 
    "711919107965329408": {
        "prediction": "0", 
        "label": 1
    }, 
    "848178592383160320": {
        "prediction": "1", 
        "label": 0
    }, 
    "820048995099770880": {
        "prediction": "0", 
        "label": 1
    }, 
    "818241503067770882": {
        "prediction": "1", 
        "label": 0
    }, 
    "710870841664409601": {
        "prediction": "0", 
        "label": 1
    }, 
    "819330089909415937": {
        "prediction": "1", 
        "label": 0
    }, 
    "698723413162987521": {
        "prediction": "0", 
        "label": 1
    }, 
    "821505383130800133": {
        "prediction": "1", 
        "label": 0
    }, 
    "827619548610310148": {
        "prediction": "1", 
        "label": 0
    }, 
    "727608077931950080": {
        "prediction": "0", 
        "label": 1
    }, 
    "921594955138781184": {
        "prediction": "0", 
        "label": 1
    }, 
    "822815885761138692": {
        "prediction": "0", 
        "label": 1
    }, 
    "818240532967079937": {
        "prediction": "0", 
        "label": 1
    }, 
    "822255713816715264": {
        "prediction": "0", 
        "label": 1
    }, 
    "817517604868882432": {
        "prediction": "0", 
        "label": 1
    }, 
    "823309191003721728": {
        "prediction": "0", 
        "label": 1
    }, 
    "731232246997393409": {
        "prediction": "0", 
        "label": 1
    }, 
    "870411295366971393": {
        "prediction": "0", 
        "label": 1
    }, 
    "822229394974384129": {
        "prediction": "1", 
        "label": 0
    }, 
    "818604386742050816": {
        "prediction": "1", 
        "label": 0
    }, 
    "709330709664677888": {
        "prediction": "0", 
        "label": 1
    }, 
    "768541128174006276": {
        "prediction": "0", 
        "label": 1
    }, 
    "829713774055682048": {
        "prediction": "0", 
        "label": 1
    }, 
    "823310221342900225": {
        "prediction": "0", 
        "label": 1
    }, 
    "714738569219321860": {
        "prediction": "1", 
        "label": 0
    }, 
    "711600744223391744": {
        "prediction": "0", 
        "label": 1
    }, 
    "728938770842669058": {
        "prediction": "0", 
        "label": 1
    }, 
    "722462007585284096": {
        "prediction": "0", 
        "label": 1
    }, 
    "827844035083698176": {
        "prediction": "0", 
        "label": 1
    }, 
    "826543404897165312": {
        "prediction": "1", 
        "label": 0
    }, 
    "939769831481516032": {
        "prediction": "0", 
        "label": 1
    }, 
    "819688638766166018": {
        "prediction": "1", 
        "label": 0
    }, 
    "820050414620045312": {
        "prediction": "0", 
        "label": 1
    }, 
    "885040582665662464": {
        "prediction": "0", 
        "label": 1
    }, 
    "818149108569567233": {
        "prediction": "0", 
        "label": 1
    }, 
    "916723908379860992": {
        "prediction": "1", 
        "label": 0
    }, 
    "884316738141159425": {
        "prediction": "0", 
        "label": 1
    }, 
    "817516483064504321": {
        "prediction": "1", 
        "label": 0
    }, 
    "690029618150166528": {
        "prediction": "0", 
        "label": 1
    }, 
    "886730406078304257": {
        "prediction": "0", 
        "label": 1
    }, 
    "688016874370674695": {
        "prediction": "0", 
        "label": 1
    }, 
    "821504287469666305": {
        "prediction": "1", 
        "label": 0
    }, 
    "859489389243752449": {
        "prediction": "0", 
        "label": 1
    }, 
    "822226869365907456": {
        "prediction": "1", 
        "label": 0
    }, 
    "889113302894166016": {
        "prediction": "1", 
        "label": 0
    }, 
    "707741717881950209": {
        "prediction": "1", 
        "label": 0
    }, 
    "818245875726249985": {
        "prediction": "1", 
        "label": 0
    }, 
    "819330118279696384": {
        "prediction": "1", 
        "label": 0
    }, 
    "706289587212124160": {
        "prediction": "0", 
        "label": 1
    }, 
    "712810737811505153": {
        "prediction": "0", 
        "label": 1
    }, 
    "926854741887541248": {
        "prediction": "0", 
        "label": 1
    }, 
    "854596523799175168": {
        "prediction": "0", 
        "label": 1
    }, 
    "693410085620461569": {
        "prediction": "0", 
        "label": 1
    }, 
    "843931774103277571": {
        "prediction": "0", 
        "label": 1
    }, 
    "823479162656657408": {
        "prediction": "0", 
        "label": 1
    }, 
    "817487630258597891": {
        "prediction": "0", 
        "label": 1
    }, 
    "939714200456318981": {
        "prediction": "0", 
        "label": 1
    }, 
    "884596721287933952": {
        "prediction": "0", 
        "label": 1
    }, 
    "692846957883076608": {
        "prediction": "0", 
        "label": 1
    }, 
    "821504158696177664": {
        "prediction": "0", 
        "label": 1
    }, 
    "882067719184674816": {
        "prediction": "0", 
        "label": 1
    }, 
    "819693140131069954": {
        "prediction": "1", 
        "label": 0
    }, 
    "818385522649272320": {
        "prediction": "0", 
        "label": 1
    }, 
    "937116420110012416": {
        "prediction": "0", 
        "label": 1
    }, 
    "834633247443255301": {
        "prediction": "1", 
        "label": 0
    }, 
    "818237826760318976": {
        "prediction": "0", 
        "label": 1
    }, 
    "819330595146829824": {
        "prediction": "1", 
        "label": 0
    }, 
    "852637986151948289": {
        "prediction": "0", 
        "label": 1
    }, 
    "832077099523567617": {
        "prediction": "1", 
        "label": 0
    }, 
    "735081946548576256": {
        "prediction": "0", 
        "label": 1
    }, 
    "820052841268187140": {
        "prediction": "0", 
        "label": 1
    }, 
    "927745478833426432": {
        "prediction": "0", 
        "label": 1
    }, 
    "822828196714442753": {
        "prediction": "0", 
        "label": 1
    }, 
    "931343690701918208": {
        "prediction": "0", 
        "label": 1
    }, 
    "736022497783652352": {
        "prediction": "0", 
        "label": 1
    }, 
    "683363557321388032": {
        "prediction": "0", 
        "label": 1
    }, 
    "828652835915124736": {
        "prediction": "1", 
        "label": 0
    }, 
    "925034111747665920": {
        "prediction": "1", 
        "label": 0
    }, 
    "820052822859350017": {
        "prediction": "1", 
        "label": 0
    }, 
    "899242438019215361": {
        "prediction": "0", 
        "label": 1
    }, 
    "820410063768555520": {
        "prediction": "1", 
        "label": 0
    }, 
    "852999253349847046": {
        "prediction": "1", 
        "label": 0
    }, 
    "724007134262902784": {
        "prediction": "0", 
        "label": 1
    }, 
    "895235112354406403": {
        "prediction": "0", 
        "label": 1
    }, 
    "832465045921558529": {
        "prediction": "1", 
        "label": 0
    }, 
    "823010756836921344": {
        "prediction": "0", 
        "label": 1
    }, 
    "905016084209782784": {
        "prediction": "0", 
        "label": 1
    }, 
    "815444754204721152": {
        "prediction": "1", 
        "label": 0
    }, 
    "717435878512025600": {
        "prediction": "0", 
        "label": 1
    }, 
    "847145698965573632": {
        "prediction": "1", 
        "label": 0
    }, 
    "912303921875623936": {
        "prediction": "0", 
        "label": 1
    }, 
    "697501485026951168": {
        "prediction": "0", 
        "label": 1
    }, 
    "850350213286039553": {
        "prediction": "0", 
        "label": 1
    }, 
    "819689484849713152": {
        "prediction": "0", 
        "label": 1
    }, 
    "908536139446755328": {
        "prediction": "1", 
        "label": 0
    }, 
    "822590236844818432": {
        "prediction": "0", 
        "label": 1
    }, 
    "822954188380532736": {
        "prediction": "0", 
        "label": 1
    }, 
    "715585106455318530": {
        "prediction": "0", 
        "label": 1
    }, 
    "824558024203210752": {
        "prediction": "0", 
        "label": 1
    }, 
    "819158842147803136": {
        "prediction": "1", 
        "label": 0
    }, 
    "822947210451152897": {
        "prediction": "0", 
        "label": 1
    }, 
    "715670001940697088": {
        "prediction": "0", 
        "label": 1
    }, 
    "717092433046212608": {
        "prediction": "0", 
        "label": 1
    }, 
    "820781722505768961": {
        "prediction": "1", 
        "label": 0
    }, 
    "871809735699214340": {
        "prediction": "1", 
        "label": 0
    }, 
    "939591306392821760": {
        "prediction": "0", 
        "label": 1
    }, 
    "823315345117249540": {
        "prediction": "1", 
        "label": 0
    }, 
    "823616855252336640": {
        "prediction": "0", 
        "label": 1
    }, 
    "907347217882771461": {
        "prediction": "0", 
        "label": 1
    }, 
    "867701304780402689": {
        "prediction": "0", 
        "label": 1
    }, 
    "926589171606663169": {
        "prediction": "1", 
        "label": 0
    }, 
    "879827272244396033": {
        "prediction": "0", 
        "label": 1
    }, 
    "752431172672626691": {
        "prediction": "0", 
        "label": 1
    }, 
    "823310097711583233": {
        "prediction": "0", 
        "label": 1
    }, 
    "725284784763711488": {
        "prediction": "0", 
        "label": 1
    }, 
    "885475990138486785": {
        "prediction": "0", 
        "label": 1
    }, 
    "861946619478110208": {
        "prediction": "0", 
        "label": 1
    }, 
    "822949133203881984": {
        "prediction": "1", 
        "label": 0
    }, 
    "832381483566379009": {
        "prediction": "1", 
        "label": 0
    }, 
    "859056671179636737": {
        "prediction": "0", 
        "label": 1
    }, 
    "823314811522007040": {
        "prediction": "0", 
        "label": 1
    }, 
    "819330641531727873": {
        "prediction": "0", 
        "label": 1
    }, 
    "906232404871958528": {
        "prediction": "0", 
        "label": 1
    }, 
    "693217080062005249": {
        "prediction": "0", 
        "label": 1
    }, 
    "702578148110680064": {
        "prediction": "0", 
        "label": 1
    }, 
    "715638264795779072": {
        "prediction": "1", 
        "label": 0
    }, 
    "937879622255030275": {
        "prediction": "0", 
        "label": 1
    }, 
    "931605744503476226": {
        "prediction": "0", 
        "label": 1
    }, 
    "835958380879556608": {
        "prediction": "0", 
        "label": 1
    }, 
    "822948645695844353": {
        "prediction": "1", 
        "label": 0
    }, 
    "822586053819240449": {
        "prediction": "0", 
        "label": 1
    }, 
    "818243628023816192": {
        "prediction": "1", 
        "label": 0
    }, 
    "934631087237681152": {
        "prediction": "0", 
        "label": 1
    }, 
    "822956340528222209": {
        "prediction": "0", 
        "label": 1
    }, 
    "940264356675284993": {
        "prediction": "1", 
        "label": 0
    }, 
    "823311332048896000": {
        "prediction": "1", 
        "label": 0
    }, 
    "706657778140471298": {
        "prediction": "0", 
        "label": 1
    }, 
    "929033123987316736": {
        "prediction": "0", 
        "label": 1
    }, 
    "818244581762351104": {
        "prediction": "1", 
        "label": 0
    }, 
    "921779205842657280": {
        "prediction": "0", 
        "label": 1
    }, 
    "692580725133045760": {
        "prediction": "1", 
        "label": 0
    }, 
    "883786830646312960": {
        "prediction": "0", 
        "label": 1
    }, 
    "732652452919541762": {
        "prediction": "0", 
        "label": 1
    }, 
    "856978263993978881": {
        "prediction": "1", 
        "label": 0
    }, 
    "939526417695481856": {
        "prediction": "1", 
        "label": 0
    }, 
    "913433776931397633": {
        "prediction": "0", 
        "label": 1
    }, 
    "817051619334311936": {
        "prediction": "0", 
        "label": 1
    }, 
    "728641891726548992": {
        "prediction": "0", 
        "label": 1
    }, 
    "819694403870720004": {
        "prediction": "0", 
        "label": 1
    }, 
    "847280159640002564": {
        "prediction": "0", 
        "label": 1
    }, 
    "724226487931510784": {
        "prediction": "0", 
        "label": 1
    }, 
    "822950049655046145": {
        "prediction": "0", 
        "label": 1
    }, 
    "825879837009010689": {
        "prediction": "0", 
        "label": 1
    }, 
    "715681844763566080": {
        "prediction": "0", 
        "label": 1
    }, 
    "816263460656992256": {
        "prediction": "1", 
        "label": 0
    }, 
    "822956416713494533": {
        "prediction": "1", 
        "label": 0
    }, 
    "819689929018142720": {
        "prediction": "1", 
        "label": 0
    }, 
    "841744451240357888": {
        "prediction": "0", 
        "label": 1
    }, 
    "841528734964310016": {
        "prediction": "1", 
        "label": 0
    }, 
    "787481394536648704": {
        "prediction": "1", 
        "label": 0
    }, 
    "879279227492814848": {
        "prediction": "1", 
        "label": 0
    }, 
    "832079046351667200": {
        "prediction": "0", 
        "label": 1
    }, 
    "725711205957046272": {
        "prediction": "0", 
        "label": 1
    }, 
    "726168182814334976": {
        "prediction": "0", 
        "label": 1
    }, 
    "703371915344404480": {
        "prediction": "0", 
        "label": 1
    }, 
    "822954933515382784": {
        "prediction": "1", 
        "label": 0
    }, 
    "822846686959693826": {
        "prediction": "0", 
        "label": 1
    }, 
    "822226893164384257": {
        "prediction": "1", 
        "label": 0
    }, 
    "819328538465562624": {
        "prediction": "1", 
        "label": 0
    }, 
    "820056579235905536": {
        "prediction": "1", 
        "label": 0
    }, 
    "706423872405504000": {
        "prediction": "0", 
        "label": 1
    }, 
    "822949510540361728": {
        "prediction": "1", 
        "label": 0
    }, 
    "834651156622213120": {
        "prediction": "1", 
        "label": 0
    }, 
    "827842431269924865": {
        "prediction": "0", 
        "label": 1
    }, 
    "691878605782171648": {
        "prediction": "0", 
        "label": 1
    }, 
    "817518326855266304": {
        "prediction": "1", 
        "label": 0
    }, 
    "818241100318130177": {
        "prediction": "0", 
        "label": 1
    }, 
    "819935492326047745": {
        "prediction": "1", 
        "label": 0
    }, 
    "892038477742837762": {
        "prediction": "0", 
        "label": 1
    }, 
    "732839122239377408": {
        "prediction": "0", 
        "label": 1
    }, 
    "822584628489912321": {
        "prediction": "0", 
        "label": 1
    }, 
    "820048443313790976": {
        "prediction": "0", 
        "label": 1
    }, 
    "865488370838851585": {
        "prediction": "0", 
        "label": 1
    }, 
    "818605187451547648": {
        "prediction": "1", 
        "label": 0
    }, 
    "847132915272237058": {
        "prediction": "0", 
        "label": 1
    }, 
    "823419841088458752": {
        "prediction": "0", 
        "label": 1
    }, 
    "860251483069140992": {
        "prediction": "0", 
        "label": 1
    }, 
    "892325153262239749": {
        "prediction": "0", 
        "label": 1
    }, 
    "713900686740729856": {
        "prediction": "0", 
        "label": 1
    }, 
    "696016995611975681": {
        "prediction": "1", 
        "label": 0
    }, 
    "920605091429797889": {
        "prediction": "0", 
        "label": 1
    }, 
    "822225009716396032": {
        "prediction": "0", 
        "label": 1
    }, 
    "874088779853647872": {
        "prediction": "0", 
        "label": 1
    }, 
    "722483568413310976": {
        "prediction": "0", 
        "label": 1
    }, 
    "847253835810709508": {
        "prediction": "0", 
        "label": 1
    }, 
    "689878733424087040": {
        "prediction": "0", 
        "label": 1
    }, 
    "890507272811622401": {
        "prediction": "0", 
        "label": 1
    }, 
    "722485698327027712": {
        "prediction": "0", 
        "label": 1
    }, 
    "820781915917717505": {
        "prediction": "1", 
        "label": 0
    }, 
    "731071760540573702": {
        "prediction": "0", 
        "label": 1
    }, 
    "905846801646813184": {
        "prediction": "0", 
        "label": 1
    }, 
    "830233270164000768": {
        "prediction": "0", 
        "label": 1
    }, 
    "822226883601309696": {
        "prediction": "0", 
        "label": 1
    }, 
    "822591009372704768": {
        "prediction": "1", 
        "label": 0
    }, 
    "815985320088899584": {
        "prediction": "0", 
        "label": 1
    }, 
    "819329674861940737": {
        "prediction": "1", 
        "label": 0
    }, 
    "904812124555296768": {
        "prediction": "1", 
        "label": 0
    }, 
    "683295117847969793": {
        "prediction": "0", 
        "label": 1
    }, 
    "921278376085803008": {
        "prediction": "0", 
        "label": 1
    }, 
    "730451262777524224": {
        "prediction": "1", 
        "label": 0
    }, 
    "819405173680242689": {
        "prediction": "1", 
        "label": 0
    }, 
    "817518494417829889": {
        "prediction": "0", 
        "label": 1
    }, 
    "835627007383764992": {
        "prediction": "0", 
        "label": 1
    }, 
    "846593349939290112": {
        "prediction": "1", 
        "label": 0
    }, 
    "885152029563342848": {
        "prediction": "0", 
        "label": 1
    }, 
    "820057165536882689": {
        "prediction": "1", 
        "label": 0
    }, 
    "818606156927135746": {
        "prediction": "0", 
        "label": 1
    }, 
    "918662682089345025": {
        "prediction": "1", 
        "label": 0
    }, 
    "846123180553068544": {
        "prediction": "0", 
        "label": 1
    }, 
    "867582194713116672": {
        "prediction": "0", 
        "label": 1
    }, 
    "818204225423503360": {
        "prediction": "0", 
        "label": 1
    }, 
    "822986535339311105": {
        "prediction": "1", 
        "label": 0
    }, 
    "823318569161256962": {
        "prediction": "0", 
        "label": 1
    }, 
    "819330100915216384": {
        "prediction": "0", 
        "label": 1
    }, 
    "687275544996634624": {
        "prediction": "0", 
        "label": 1
    }, 
    "899495544128626688": {
        "prediction": "1", 
        "label": 0
    }, 
    "904043446821892098": {
        "prediction": "0", 
        "label": 1
    }, 
    "819325018702286848": {
        "prediction": "0", 
        "label": 1
    }, 
    "729099946247467008": {
        "prediction": "0", 
        "label": 1
    }, 
    "820299303973359617": {
        "prediction": "0", 
        "label": 1
    }, 
    "822955272733949952": {
        "prediction": "1", 
        "label": 0
    }, 
    "820057591837560832": {
        "prediction": "1", 
        "label": 0
    }, 
    "819686796141481984": {
        "prediction": "1", 
        "label": 0
    }, 
    "839856340755496960": {
        "prediction": "0", 
        "label": 1
    }, 
    "859681198972469249": {
        "prediction": "0", 
        "label": 1
    }, 
    "820052872423305216": {
        "prediction": "1", 
        "label": 0
    }, 
    "700019987419959296": {
        "prediction": "1", 
        "label": 0
    }, 
    "921722988059295750": {
        "prediction": "1", 
        "label": 0
    }, 
    "819327200654663681": {
        "prediction": "1", 
        "label": 0
    }, 
    "904053997216116736": {
        "prediction": "0", 
        "label": 1
    }, 
    "716011035115831296": {
        "prediction": "1", 
        "label": 0
    }, 
    "820412091081359360": {
        "prediction": "1", 
        "label": 0
    }, 
    "915868144735969280": {
        "prediction": "0", 
        "label": 1
    }, 
    "884120962748342272": {
        "prediction": "0", 
        "label": 1
    }, 
    "819690312109015040": {
        "prediction": "0", 
        "label": 1
    }, 
    "715887235137212416": {
        "prediction": "1", 
        "label": 0
    }, 
    "913996985266462721": {
        "prediction": "1", 
        "label": 0
    }, 
    "823313994572333058": {
        "prediction": "1", 
        "label": 0
    }, 
    "816796252159537156": {
        "prediction": "1", 
        "label": 0
    }, 
    "944706094127083520": {
        "prediction": "0", 
        "label": 1
    }, 
    "820409909778976768": {
        "prediction": "1", 
        "label": 0
    }, 
    "726506255683039232": {
        "prediction": "1", 
        "label": 0
    }, 
    "708361391304904704": {
        "prediction": "0", 
        "label": 1
    }, 
    "722656595553951746": {
        "prediction": "0", 
        "label": 1
    }, 
    "925000460565655554": {
        "prediction": "0", 
        "label": 1
    }
}