{
    "687339121505734656": {
        "prediction": "0", 
        "label": 1
    }, 
    "891857837051301890": {
        "prediction": "0", 
        "label": 1
    }, 
    "822226893164384257": {
        "prediction": "1", 
        "label": 0
    }, 
    "709126873645711360": {
        "prediction": "0", 
        "label": 1
    }, 
    "820052822859350017": {
        "prediction": "1", 
        "label": 0
    }, 
    "819690312109015040": {
        "prediction": "0", 
        "label": 1
    }, 
    "896700873983840256": {
        "prediction": "0", 
        "label": 1
    }, 
    "904043446821892098": {
        "prediction": "0", 
        "label": 1
    }, 
    "820056579235905536": {
        "prediction": "1", 
        "label": 0
    }, 
    "873511193905856513": {
        "prediction": "0", 
        "label": 1
    }, 
    "822846686959693826": {
        "prediction": "0", 
        "label": 1
    }, 
    "822949510540361728": {
        "prediction": "1", 
        "label": 0
    }, 
    "828362636513464321": {
        "prediction": "0", 
        "label": 1
    }, 
    "887806971314749440": {
        "prediction": "0", 
        "label": 1
    }, 
    "915222422713962496": {
        "prediction": "0", 
        "label": 1
    }, 
    "936685145469337600": {
        "prediction": "0", 
        "label": 1
    }, 
    "840367947851943936": {
        "prediction": "0", 
        "label": 1
    }, 
    "900218985140113409": {
        "prediction": "0", 
        "label": 1
    }, 
    "905016084209782784": {
        "prediction": "0", 
        "label": 1
    }, 
    "838258483115913217": {
        "prediction": "0", 
        "label": 1
    }, 
    "920014656361652224": {
        "prediction": "0", 
        "label": 1
    }, 
    "684667398843047936": {
        "prediction": "0", 
        "label": 1
    }, 
    "695371336038756352": {
        "prediction": "0", 
        "label": 1
    }, 
    "847132915272237058": {
        "prediction": "0", 
        "label": 1
    }, 
    "820419827454119937": {
        "prediction": "1", 
        "label": 0
    }, 
    "860251483069140992": {
        "prediction": "0", 
        "label": 1
    }, 
    "827842431269924865": {
        "prediction": "0", 
        "label": 1
    }, 
    "699189047588167680": {
        "prediction": "0", 
        "label": 1
    }, 
    "717435878512025600": {
        "prediction": "0", 
        "label": 1
    }, 
    "822953263058321408": {
        "prediction": "1", 
        "label": 0
    }, 
    "725018007563603969": {
        "prediction": "0", 
        "label": 1
    }, 
    "912303921875623936": {
        "prediction": "0", 
        "label": 1
    }, 
    "713900686740729856": {
        "prediction": "0", 
        "label": 1
    }, 
    "697501485026951168": {
        "prediction": "0", 
        "label": 1
    }, 
    "711919107965329408": {
        "prediction": "0", 
        "label": 1
    }, 
    "850350213286039553": {
        "prediction": "0", 
        "label": 1
    }, 
    "920605091429797889": {
        "prediction": "0", 
        "label": 1
    }, 
    "822590236844818432": {
        "prediction": "0", 
        "label": 1
    }, 
    "818241503067770882": {
        "prediction": "1", 
        "label": 0
    }, 
    "928872445695553536": {
        "prediction": "0", 
        "label": 1
    }, 
    "722483568413310976": {
        "prediction": "0", 
        "label": 1
    }, 
    "822954188380532736": {
        "prediction": "0", 
        "label": 1
    }, 
    "934302504057167872": {
        "prediction": "0", 
        "label": 1
    }, 
    "689878733424087040": {
        "prediction": "0", 
        "label": 1
    }, 
    "890507272811622401": {
        "prediction": "0", 
        "label": 1
    }, 
    "819330089909415937": {
        "prediction": "1", 
        "label": 0
    }, 
    "715585106455318530": {
        "prediction": "0", 
        "label": 1
    }, 
    "731071760540573702": {
        "prediction": "0", 
        "label": 1
    }, 
    "698723413162987521": {
        "prediction": "0", 
        "label": 1
    }, 
    "722485698327027712": {
        "prediction": "0", 
        "label": 1
    }, 
    "727608077931950080": {
        "prediction": "0", 
        "label": 1
    }, 
    "824558024203210752": {
        "prediction": "0", 
        "label": 1
    }, 
    "831431118016622593": {
        "prediction": "0", 
        "label": 1
    }, 
    "904098404799827968": {
        "prediction": "0", 
        "label": 1
    }, 
    "717092433046212608": {
        "prediction": "0", 
        "label": 1
    }, 
    "905846801646813184": {
        "prediction": "0", 
        "label": 1
    }, 
    "907358116567814145": {
        "prediction": "0", 
        "label": 1
    }, 
    "820057591837560832": {
        "prediction": "1", 
        "label": 0
    }, 
    "819324985642663936": {
        "prediction": "1", 
        "label": 0
    }, 
    "731232246997393409": {
        "prediction": "0", 
        "label": 1
    }, 
    "725302803070095360": {
        "prediction": "0", 
        "label": 1
    }, 
    "696097163537948672": {
        "prediction": "0", 
        "label": 1
    }, 
    "882363765655834624": {
        "prediction": "0", 
        "label": 1
    }, 
    "818604386742050816": {
        "prediction": "1", 
        "label": 0
    }, 
    "709330709664677888": {
        "prediction": "0", 
        "label": 1
    }, 
    "822956416713494533": {
        "prediction": "1", 
        "label": 0
    }, 
    "907347217882771461": {
        "prediction": "0", 
        "label": 1
    }, 
    "729099946247467008": {
        "prediction": "0", 
        "label": 1
    }, 
    "722462007585284096": {
        "prediction": "0", 
        "label": 1
    }, 
    "684922233274380288": {
        "prediction": "0", 
        "label": 1
    }, 
    "819323276249993216": {
        "prediction": "1", 
        "label": 0
    }, 
    "873243814705721345": {
        "prediction": "0", 
        "label": 1
    }, 
    "885152029563342848": {
        "prediction": "0", 
        "label": 1
    }, 
    "891742847581302785": {
        "prediction": "0", 
        "label": 1
    }, 
    "885040582665662464": {
        "prediction": "0", 
        "label": 1
    }, 
    "818149108569567233": {
        "prediction": "0", 
        "label": 1
    }, 
    "884316738141159425": {
        "prediction": "0", 
        "label": 1
    }, 
    "906232404871958528": {
        "prediction": "0", 
        "label": 1
    }, 
    "725395755855278081": {
        "prediction": "0", 
        "label": 1
    }, 
    "817516483064504321": {
        "prediction": "1", 
        "label": 0
    }, 
    "690029618150166528": {
        "prediction": "0", 
        "label": 1
    }, 
    "886730406078304257": {
        "prediction": "0", 
        "label": 1
    }, 
    "722656595553951746": {
        "prediction": "0", 
        "label": 1
    }, 
    "726501055488471040": {
        "prediction": "0", 
        "label": 1
    }, 
    "717888234064322560": {
        "prediction": "0", 
        "label": 1
    }, 
    "867582194713116672": {
        "prediction": "0", 
        "label": 1
    }, 
    "687275544996634624": {
        "prediction": "0", 
        "label": 1
    }, 
    "931605744503476226": {
        "prediction": "0", 
        "label": 1
    }, 
    "818237984281661440": {
        "prediction": "1", 
        "label": 0
    }, 
    "829119673719414784": {
        "prediction": "0", 
        "label": 1
    }, 
    "851483143555215360": {
        "prediction": "0", 
        "label": 1
    }, 
    "818243628023816192": {
        "prediction": "1", 
        "label": 0
    }, 
    "820299303973359617": {
        "prediction": "0", 
        "label": 1
    }, 
    "817487630258597891": {
        "prediction": "0", 
        "label": 1
    }, 
    "926433400717824000": {
        "prediction": "0", 
        "label": 1
    }, 
    "819686796141481984": {
        "prediction": "1", 
        "label": 0
    }, 
    "926854741887541248": {
        "prediction": "0", 
        "label": 1
    }, 
    "854596523799175168": {
        "prediction": "0", 
        "label": 1
    }, 
    "859681198972469249": {
        "prediction": "0", 
        "label": 1
    }, 
    "820052872423305216": {
        "prediction": "1", 
        "label": 0
    }, 
    "715310141998899200": {
        "prediction": "0", 
        "label": 1
    }, 
    "929033123987316736": {
        "prediction": "0", 
        "label": 1
    }, 
    "843931774103277571": {
        "prediction": "0", 
        "label": 1
    }, 
    "819327200654663681": {
        "prediction": "1", 
        "label": 0
    }, 
    "934631087237681152": {
        "prediction": "0", 
        "label": 1
    }, 
    "939714200456318981": {
        "prediction": "0", 
        "label": 1
    }, 
    "884596721287933952": {
        "prediction": "0", 
        "label": 1
    }, 
    "836354513799901184": {
        "prediction": "0", 
        "label": 1
    }, 
    "898020546503360512": {
        "prediction": "0", 
        "label": 1
    }, 
    "692846957883076608": {
        "prediction": "0", 
        "label": 1
    }, 
    "834989244007378944": {
        "prediction": "0", 
        "label": 1
    }, 
    "909025478672998400": {
        "prediction": "0", 
        "label": 1
    }, 
    "706423872405504000": {
        "prediction": "0", 
        "label": 1
    }, 
    "732652452919541762": {
        "prediction": "0", 
        "label": 1
    }, 
    "823313994572333058": {
        "prediction": "1", 
        "label": 0
    }, 
    "728641891726548992": {
        "prediction": "0", 
        "label": 1
    }, 
    "801201407164416000": {
        "prediction": "0", 
        "label": 1
    }, 
    "847280159640002564": {
        "prediction": "0", 
        "label": 1
    }, 
    "944706094127083520": {
        "prediction": "0", 
        "label": 1
    }, 
    "820048443313790976": {
        "prediction": "0", 
        "label": 1
    }, 
    "886767530328588288": {
        "prediction": "0", 
        "label": 1
    }, 
    "825879837009010689": {
        "prediction": "0", 
        "label": 1
    }, 
    "752250366184620032": {
        "prediction": "0", 
        "label": 1
    }, 
    "818385522649272320": {
        "prediction": "0", 
        "label": 1
    }, 
    "937116420110012416": {
        "prediction": "0", 
        "label": 1
    }, 
    "801692345905258496": {
        "prediction": "0", 
        "label": 1
    }, 
    "841744451240357888": {
        "prediction": "0", 
        "label": 1
    }, 
    "818605187451547648": {
        "prediction": "1", 
        "label": 0
    }, 
    "883524815612772352": {
        "prediction": "0", 
        "label": 1
    }, 
    "859489389243752449": {
        "prediction": "0", 
        "label": 1
    }, 
    "725711205957046272": {
        "prediction": "0", 
        "label": 1
    }, 
    "726168182814334976": {
        "prediction": "0", 
        "label": 1
    }, 
    "852637986151948289": {
        "prediction": "0", 
        "label": 1
    }, 
    "708361391304904704": {
        "prediction": "0", 
        "label": 1
    }, 
    "915868144735969280": {
        "prediction": "0", 
        "label": 1
    }, 
    "927745478833426432": {
        "prediction": "0", 
        "label": 1
    }, 
    "931343690701918208": {
        "prediction": "0", 
        "label": 1
    }, 
    "726847431854313472": {
        "prediction": "0", 
        "label": 1
    }, 
    "925000460565655554": {
        "prediction": "0", 
        "label": 1
    }
}