{
    "685601583879598084": {
        "pred": 1, 
        "label": 0
    }, 
    "730451262777524224": {
        "pred": 1, 
        "label": 0
    }, 
    "819687123125235713": {
        "pred": 0, 
        "label": 1
    }, 
    "815444754204721152": {
        "pred": 1, 
        "label": 0
    }, 
    "905162339036655616": {
        "pred": 1, 
        "label": 0
    }, 
    "925034111747665920": {
        "pred": 1, 
        "label": 0
    }, 
    "945778202315763712": {
        "pred": 0, 
        "label": 1
    }, 
    "855067937601974272": {
        "pred": 1, 
        "label": 0
    }, 
    "859056671179636737": {
        "pred": 0, 
        "label": 1
    }, 
    "937441794303938562": {
        "pred": 0, 
        "label": 1
    }, 
    "892325153262239749": {
        "pred": 0, 
        "label": 1
    }, 
    "692330929432432640": {
        "pred": 1, 
        "label": 0
    }, 
    "820050414620045312": {
        "pred": 0, 
        "label": 1
    }, 
    "736087928628084738": {
        "pred": 1, 
        "label": 0
    }, 
    "729987628028801024": {
        "pred": 0, 
        "label": 1
    }, 
    "728938770842669058": {
        "pred": 0, 
        "label": 1
    }, 
    "899242438019215361": {
        "pred": 0, 
        "label": 1
    }, 
    "834651156622213120": {
        "pred": 1, 
        "label": 0
    }, 
    "818239390099116033": {
        "pred": 1, 
        "label": 0
    }, 
    "822584826037436420": {
        "pred": 0, 
        "label": 1
    }, 
    "691878605782171648": {
        "pred": 0, 
        "label": 1
    }, 
    "819692521697800192": {
        "pred": 0, 
        "label": 1
    }, 
    "852999253349847046": {
        "pred": 1, 
        "label": 0
    }, 
    "822588505931059200": {
        "pred": 1, 
        "label": 0
    }, 
    "724007134262902784": {
        "pred": 0, 
        "label": 1
    }, 
    "926589171606663169": {
        "pred": 1, 
        "label": 0
    }, 
    "820415787349508096": {
        "pred": 0, 
        "label": 1
    }, 
    "895235112354406403": {
        "pred": 0, 
        "label": 1
    }, 
    "819687626798145536": {
        "pred": 0, 
        "label": 1
    }, 
    "819686546676838400": {
        "pred": 0, 
        "label": 1
    }, 
    "818241100318130177": {
        "pred": 0, 
        "label": 1
    }, 
    "823010756836921344": {
        "pred": 0, 
        "label": 1
    }, 
    "722111068311535616": {
        "pred": 0, 
        "label": 1
    }, 
    "822226351268761601": {
        "pred": 0, 
        "label": 1
    }, 
    "892038477742837762": {
        "pred": 0, 
        "label": 1
    }, 
    "732839122239377408": {
        "pred": 0, 
        "label": 1
    }, 
    "822584628489912321": {
        "pred": 0, 
        "label": 1
    }, 
    "865488370838851585": {
        "pred": 0, 
        "label": 1
    }, 
    "819331557777403904": {
        "pred": 0, 
        "label": 1
    }, 
    "875103880387805184": {
        "pred": 1, 
        "label": 0
    }, 
    "823419841088458752": {
        "pred": 0, 
        "label": 1
    }, 
    "717042051074891776": {
        "pred": 0, 
        "label": 1
    }, 
    "842768786281418756": {
        "pred": 1, 
        "label": 0
    }, 
    "736082451424890881": {
        "pred": 0, 
        "label": 1
    }, 
    "725801399460745216": {
        "pred": 0, 
        "label": 1
    }, 
    "877191575067127809": {
        "pred": 0, 
        "label": 1
    }, 
    "820415727978979330": {
        "pred": 0, 
        "label": 1
    }, 
    "852152823638880256": {
        "pred": 0, 
        "label": 1
    }, 
    "724872310503657472": {
        "pred": 1, 
        "label": 0
    }, 
    "847145698965573632": {
        "pred": 1, 
        "label": 0
    }, 
    "819405173680242689": {
        "pred": 1, 
        "label": 0
    }, 
    "822228485422940160": {
        "pred": 0, 
        "label": 1
    }, 
    "822586053819240449": {
        "pred": 0, 
        "label": 1
    }, 
    "818245174958714880": {
        "pred": 1, 
        "label": 0
    }, 
    "879496038687547392": {
        "pred": 0, 
        "label": 1
    }, 
    "696016995611975681": {
        "pred": 1, 
        "label": 0
    }, 
    "937879622255030275": {
        "pred": 0, 
        "label": 1
    }, 
    "848178592383160320": {
        "pred": 1, 
        "label": 0
    }, 
    "822225009716396032": {
        "pred": 0, 
        "label": 1
    }, 
    "683295117847969793": {
        "pred": 0, 
        "label": 1
    }, 
    "819689484849713152": {
        "pred": 0, 
        "label": 1
    }, 
    "908536139446755328": {
        "pred": 1, 
        "label": 0
    }, 
    "820048995099770880": {
        "pred": 0, 
        "label": 1
    }, 
    "939769831481516032": {
        "pred": 0, 
        "label": 1
    }, 
    "874088779853647872": {
        "pred": 0, 
        "label": 1
    }, 
    "861946619478110208": {
        "pred": 0, 
        "label": 1
    }, 
    "817518326855266304": {
        "pred": 1, 
        "label": 0
    }, 
    "710870841664409601": {
        "pred": 0, 
        "label": 1
    }, 
    "847253835810709508": {
        "pred": 0, 
        "label": 1
    }, 
    "702578148110680064": {
        "pred": 0, 
        "label": 1
    }, 
    "870132473056829440": {
        "pred": 1, 
        "label": 0
    }, 
    "821505383130800133": {
        "pred": 1, 
        "label": 0
    }, 
    "724226487931510784": {
        "pred": 0, 
        "label": 1
    }, 
    "827619548610310148": {
        "pred": 1, 
        "label": 0
    }, 
    "820781915917717505": {
        "pred": 1, 
        "label": 0
    }, 
    "921594955138781184": {
        "pred": 0, 
        "label": 1
    }, 
    "822815885761138692": {
        "pred": 0, 
        "label": 1
    }, 
    "819158842147803136": {
        "pred": 1, 
        "label": 0
    }, 
    "818605284537077772": {
        "pred": 1, 
        "label": 0
    }, 
    "821997332346437632": {
        "pred": 0, 
        "label": 1
    }, 
    "822947210451152897": {
        "pred": 0, 
        "label": 1
    }, 
    "818240532967079937": {
        "pred": 0, 
        "label": 1
    }, 
    "715670001940697088": {
        "pred": 0, 
        "label": 1
    }, 
    "891904969950937088": {
        "pred": 1, 
        "label": 0
    }, 
    "822255713816715264": {
        "pred": 0, 
        "label": 1
    }, 
    "820781722505768961": {
        "pred": 1, 
        "label": 0
    }, 
    "820052661680668676": {
        "pred": 0, 
        "label": 1
    }, 
    "819695185554771968": {
        "pred": 1, 
        "label": 0
    }, 
    "819330118279696384": {
        "pred": 1, 
        "label": 0
    }, 
    "830233270164000768": {
        "pred": 0, 
        "label": 1
    }, 
    "835627007383764992": {
        "pred": 0, 
        "label": 1
    }, 
    "833942362183315456": {
        "pred": 1, 
        "label": 0
    }, 
    "823309191003721728": {
        "pred": 0, 
        "label": 1
    }, 
    "871809735699214340": {
        "pred": 1, 
        "label": 0
    }, 
    "715681844763566080": {
        "pred": 0, 
        "label": 1
    }, 
    "870411295366971393": {
        "pred": 0, 
        "label": 1
    }, 
    "822591009372704768": {
        "pred": 1, 
        "label": 0
    }, 
    "939591306392821760": {
        "pred": 0, 
        "label": 1
    }, 
    "822229394974384129": {
        "pred": 1, 
        "label": 0
    }, 
    "816263460656992256": {
        "pred": 1, 
        "label": 0
    }, 
    "823315345117249540": {
        "pred": 1, 
        "label": 0
    }, 
    "823616855252336640": {
        "pred": 0, 
        "label": 1
    }, 
    "815985320088899584": {
        "pred": 0, 
        "label": 1
    }, 
    "822588137503387649": {
        "pred": 0, 
        "label": 1
    }, 
    "819329674861940737": {
        "pred": 1, 
        "label": 0
    }, 
    "819689929018142720": {
        "pred": 1, 
        "label": 0
    }, 
    "685908290010742784": {
        "pred": 0, 
        "label": 1
    }, 
    "881714256512778240": {
        "pred": 0, 
        "label": 1
    }, 
    "904812124555296768": {
        "pred": 1, 
        "label": 0
    }, 
    "822592749870399492": {
        "pred": 1, 
        "label": 0
    }, 
    "829713774055682048": {
        "pred": 0, 
        "label": 1
    }, 
    "823310221342900225": {
        "pred": 0, 
        "label": 1
    }, 
    "714738569219321860": {
        "pred": 1, 
        "label": 0
    }, 
    "711600744223391744": {
        "pred": 0, 
        "label": 1
    }, 
    "820054162180362241": {
        "pred": 1, 
        "label": 0
    }, 
    "817517604868882432": {
        "pred": 0, 
        "label": 1
    }, 
    "706359669653045249": {
        "pred": 0, 
        "label": 1
    }, 
    "879827272244396033": {
        "pred": 0, 
        "label": 1
    }, 
    "827844035083698176": {
        "pred": 0, 
        "label": 1
    }, 
    "911642559033876481": {
        "pred": 1, 
        "label": 0
    }, 
    "910276317882527744": {
        "pred": 1, 
        "label": 0
    }, 
    "823311332048896000": {
        "pred": 1, 
        "label": 0
    }, 
    "826543404897165312": {
        "pred": 1, 
        "label": 0
    }, 
    "752431172672626691": {
        "pred": 0, 
        "label": 1
    }, 
    "823310097711583233": {
        "pred": 0, 
        "label": 1
    }, 
    "827709119465394176": {
        "pred": 0, 
        "label": 1
    }, 
    "725284784763711488": {
        "pred": 0, 
        "label": 1
    }, 
    "820410063768555520": {
        "pred": 1, 
        "label": 0
    }, 
    "861580977235255296": {
        "pred": 1, 
        "label": 0
    }, 
    "885475990138486785": {
        "pred": 0, 
        "label": 1
    }, 
    "819688638766166018": {
        "pred": 1, 
        "label": 0
    }, 
    "817518494417829889": {
        "pred": 0, 
        "label": 1
    }, 
    "822226883601309696": {
        "pred": 0, 
        "label": 1
    }, 
    "822949133203881984": {
        "pred": 1, 
        "label": 0
    }, 
    "846593349939290112": {
        "pred": 1, 
        "label": 0
    }, 
    "832381483566379009": {
        "pred": 1, 
        "label": 0
    }, 
    "823314457887731712": {
        "pred": 1, 
        "label": 0
    }, 
    "902686058189611008": {
        "pred": 1, 
        "label": 0
    }, 
    "938796305161351168": {
        "pred": 0, 
        "label": 1
    }, 
    "820057165536882689": {
        "pred": 1, 
        "label": 0
    }, 
    "819688404833091584": {
        "pred": 1, 
        "label": 0
    }, 
    "907192702294511616": {
        "pred": 0, 
        "label": 1
    }, 
    "818606156927135746": {
        "pred": 0, 
        "label": 1
    }, 
    "918662682089345025": {
        "pred": 1, 
        "label": 0
    }, 
    "823314811522007040": {
        "pred": 0, 
        "label": 1
    }, 
    "846123180553068544": {
        "pred": 0, 
        "label": 1
    }, 
    "838007434463612929": {
        "pred": 1, 
        "label": 0
    }, 
    "818204225423503360": {
        "pred": 0, 
        "label": 1
    }, 
    "916723908379860992": {
        "pred": 1, 
        "label": 0
    }, 
    "856944063945355264": {
        "pred": 0, 
        "label": 1
    }, 
    "819330641531727873": {
        "pred": 0, 
        "label": 1
    }, 
    "693217080062005249": {
        "pred": 0, 
        "label": 1
    }, 
    "820409909778976768": {
        "pred": 1, 
        "label": 0
    }, 
    "927915605281386496": {
        "pred": 0, 
        "label": 1
    }, 
    "822986535339311105": {
        "pred": 1, 
        "label": 0
    }, 
    "819330595146829824": {
        "pred": 1, 
        "label": 0
    }, 
    "823318569161256962": {
        "pred": 0, 
        "label": 1
    }, 
    "916511907250552833": {
        "pred": 1, 
        "label": 0
    }, 
    "688016874370674695": {
        "pred": 0, 
        "label": 1
    }, 
    "821504287469666305": {
        "pred": 1, 
        "label": 0
    }, 
    "862485502141779968": {
        "pred": 0, 
        "label": 1
    }, 
    "819330100915216384": {
        "pred": 0, 
        "label": 1
    }, 
    "835958380879556608": {
        "pred": 0, 
        "label": 1
    }, 
    "822948645695844353": {
        "pred": 1, 
        "label": 0
    }, 
    "899495544128626688": {
        "pred": 1, 
        "label": 0
    }, 
    "861778185415008256": {
        "pred": 0, 
        "label": 1
    }, 
    "822226869365907456": {
        "pred": 1, 
        "label": 0
    }, 
    "889833114674970625": {
        "pred": 0, 
        "label": 1
    }, 
    "819325018702286848": {
        "pred": 0, 
        "label": 1
    }, 
    "889113302894166016": {
        "pred": 1, 
        "label": 0
    }, 
    "832465045921558529": {
        "pred": 1, 
        "label": 0
    }, 
    "707741717881950209": {
        "pred": 1, 
        "label": 0
    }, 
    "822955272733949952": {
        "pred": 1, 
        "label": 0
    }, 
    "818245875726249985": {
        "pred": 1, 
        "label": 0
    }, 
    "883663535414300672": {
        "pred": 0, 
        "label": 1
    }, 
    "706289587212124160": {
        "pred": 0, 
        "label": 1
    }, 
    "822956340528222209": {
        "pred": 0, 
        "label": 1
    }, 
    "940264356675284993": {
        "pred": 1, 
        "label": 0
    }, 
    "712810737811505153": {
        "pred": 0, 
        "label": 1
    }, 
    "867701304780402689": {
        "pred": 0, 
        "label": 1
    }, 
    "706657778140471298": {
        "pred": 0, 
        "label": 1
    }, 
    "693410085620461569": {
        "pred": 0, 
        "label": 1
    }, 
    "939526417695481856": {
        "pred": 1, 
        "label": 0
    }, 
    "700019987419959296": {
        "pred": 1, 
        "label": 0
    }, 
    "819935492326047745": {
        "pred": 1, 
        "label": 0
    }, 
    "921722988059295750": {
        "pred": 1, 
        "label": 0
    }, 
    "823479162656657408": {
        "pred": 0, 
        "label": 1
    }, 
    "904053997216116736": {
        "pred": 0, 
        "label": 1
    }, 
    "818244581762351104": {
        "pred": 1, 
        "label": 0
    }, 
    "921779205842657280": {
        "pred": 0, 
        "label": 1
    }, 
    "733777709655052288": {
        "pred": 1, 
        "label": 0
    }, 
    "828017788539301888": {
        "pred": 0, 
        "label": 1
    }, 
    "820412091081359360": {
        "pred": 1, 
        "label": 0
    }, 
    "919674045276278789": {
        "pred": 1, 
        "label": 0
    }, 
    "821504158696177664": {
        "pred": 0, 
        "label": 1
    }, 
    "692580725133045760": {
        "pred": 1, 
        "label": 0
    }, 
    "883786830646312960": {
        "pred": 0, 
        "label": 1
    }, 
    "721679848599633921": {
        "pred": 0, 
        "label": 1
    }, 
    "884120962748342272": {
        "pred": 0, 
        "label": 1
    }, 
    "819328538465562624": {
        "pred": 1, 
        "label": 0
    }, 
    "715887235137212416": {
        "pred": 1, 
        "label": 0
    }, 
    "913996985266462721": {
        "pred": 1, 
        "label": 0
    }, 
    "856978263993978881": {
        "pred": 1, 
        "label": 0
    }, 
    "797744788229365760": {
        "pred": 1, 
        "label": 0
    }, 
    "913433776931397633": {
        "pred": 0, 
        "label": 1
    }, 
    "816796252159537156": {
        "pred": 1, 
        "label": 0
    }, 
    "907895635994607616": {
        "pred": 1, 
        "label": 0
    }, 
    "817051619334311936": {
        "pred": 0, 
        "label": 1
    }, 
    "882067719184674816": {
        "pred": 0, 
        "label": 1
    }, 
    "879753350799122432": {
        "pred": 1, 
        "label": 0
    }, 
    "700798029595435008": {
        "pred": 0, 
        "label": 1
    }, 
    "819694403870720004": {
        "pred": 0, 
        "label": 1
    }, 
    "819693140131069954": {
        "pred": 1, 
        "label": 0
    }, 
    "716011035115831296": {
        "pred": 1, 
        "label": 0
    }, 
    "822950049655046145": {
        "pred": 0, 
        "label": 1
    }, 
    "819024412829683712": {
        "pred": 0, 
        "label": 1
    }, 
    "921278376085803008": {
        "pred": 0, 
        "label": 1
    }, 
    "694514029121949696": {
        "pred": 1, 
        "label": 0
    }, 
    "851638105492910080": {
        "pred": 1, 
        "label": 0
    }, 
    "921247351674687488": {
        "pred": 0, 
        "label": 1
    }, 
    "834633247443255301": {
        "pred": 1, 
        "label": 0
    }, 
    "818237826760318976": {
        "pred": 0, 
        "label": 1
    }, 
    "819685868478795781": {
        "pred": 0, 
        "label": 1
    }, 
    "726506255683039232": {
        "pred": 1, 
        "label": 0
    }, 
    "841528734964310016": {
        "pred": 1, 
        "label": 0
    }, 
    "822955217549344768": {
        "pred": 0, 
        "label": 1
    }, 
    "787481394536648704": {
        "pred": 1, 
        "label": 0
    }, 
    "768541128174006276": {
        "pred": 0, 
        "label": 1
    }, 
    "879279227492814848": {
        "pred": 1, 
        "label": 0
    }, 
    "832079046351667200": {
        "pred": 0, 
        "label": 1
    }, 
    "839856340755496960": {
        "pred": 0, 
        "label": 1
    }, 
    "832077099523567617": {
        "pred": 1, 
        "label": 0
    }, 
    "735081946548576256": {
        "pred": 0, 
        "label": 1
    }, 
    "820052841268187140": {
        "pred": 0, 
        "label": 1
    }, 
    "823310708662222850": {
        "pred": 0, 
        "label": 1
    }, 
    "820050009727057921": {
        "pred": 0, 
        "label": 1
    }, 
    "822828196714442753": {
        "pred": 0, 
        "label": 1
    }, 
    "715638264795779072": {
        "pred": 1, 
        "label": 0
    }, 
    "816740210822303763": {
        "pred": 1, 
        "label": 0
    }, 
    "736022497783652352": {
        "pred": 0, 
        "label": 1
    }, 
    "683363557321388032": {
        "pred": 0, 
        "label": 1
    }, 
    "703371915344404480": {
        "pred": 0, 
        "label": 1
    }, 
    "820052902379188224": {
        "pred": 1, 
        "label": 0
    }, 
    "828652835915124736": {
        "pred": 1, 
        "label": 0
    }, 
    "822954933515382784": {
        "pred": 1, 
        "label": 0
    }
}